type,name,module,path,hash
"csv","agent-manifest","_config","_config/agent-manifest.csv","f874dab4f0af7b7190f04fb65c22e152038f7abb5c036d03ee0cf9637b26d12a"
"yaml","manifest","_config","_config/manifest.yaml","00bea1bd19868a9ea56bfaa7660b58effa08efda536591ee618352f0ca398207"
"csv","brain-methods","core","core/bmad-brainstorming/brain-methods.csv","0ab5878b1dbc9e3fa98cb72abfc3920a586b9e2b42609211bb0516eefd542039"
"csv","methods","core","core/bmad-advanced-elicitation/methods.csv","e08b2e22fec700274982e37be608d6c3d1d4d0c04fa0bae05aa9dba2454e6141"
"csv","module-help","core","core/module-help.csv","79cb3524f9ee81751b6faf549e67cbaace7fa96f71b93b09db1da8e29bf9db81"
"md","compression-rules","core","core/bmad-distillator/resources/compression-rules.md","86e53d6a2072b379864766681d1cc4e1aad3d4428ecca8c46010f7364da32724"
"md","distillate-compressor","core","core/bmad-distillator/agents/distillate-compressor.md","c00da33b39a43207a224c4043d1aa4158e90e41ab421fff0ea7cc55beec81ef8"
"md","distillate-format-reference","core","core/bmad-distillator/resources/distillate-format-reference.md","0ed0e016178f606ff7b70dd852695e94bce8da6d83954257e0b85779530bcaeb"
"md","round-trip-reconstructor","core","core/bmad-distillator/agents/round-trip-reconstructor.md","47c83f4a37249ddac38460d8c95d162f6fc175a8919888e8090aed71bd9383bc"
"md","SKILL","core","core/bmad-advanced-elicitation/SKILL.md","2d1011b1c93a4cf62d9a4b8fad876f0a45e1ad0126dbb796ed21304c5c5d8fb9"
"md","SKILL","core","core/bmad-brainstorming/SKILL.md","f4a2c22b40ed34cdbd3282dd6161a3b869902f3bc75b58e181fc9faf78eedd9d"
"md","SKILL","core","core/bmad-distillator/SKILL.md","9b404438deb17c56ddc08f7b823177687fb4a62f08f40dac8faa5a93f78e374d"
"md","SKILL","core","core/bmad-editorial-review-prose/SKILL.md","b3687fe80567378627bc2a0c5034ae8d65dfeedcf2b6c90da077f4feca462d0c"
"md","SKILL","core","core/bmad-editorial-review-structure/SKILL.md","164444359d74f695a84faf7ea558d0eef39c75561e6b26669f97a165c6f75538"
"md","SKILL","core","core/bmad-help/SKILL.md","8966c636a5ee40cc9deeba9a25df4cd2a9999d035f733711946fa6b1cc0de535"
"md","SKILL","core","core/bmad-index-docs/SKILL.md","a855d7060414e73ca4fe8e1a3e1cc4d0f2ce394846e52340bdf5a1317e0d234a"
"md","SKILL","core","core/bmad-init/SKILL.md","fd3c96b86bc02f6dac8e76e2b62b7f7a0782d4c0c6586ee414a7fb37a3bc3a4e"
"md","SKILL","core","core/bmad-party-mode/SKILL.md","558831b737cf3a6a5349b9f1338f2945da82ce2564893e642a2b49b7e62e8b3f"
"md","SKILL","core","core/bmad-review-adversarial-general/SKILL.md","7bffc39e6dba4d9123648c5d4d79e17c3c5b1efbd927c3fe0026c2dbb8d99cff"
"md","SKILL","core","core/bmad-review-edge-case-hunter/SKILL.md","f49ed9976f46b4cefa1fc8b4f0a495f16089905e6a7bbf4ce73b8f05c9ae3ee6"
"md","SKILL","core","core/bmad-shard-doc/SKILL.md","3a1538536514725fd4f31aded280ee56b9645fc61d114fd94aacb3ac52304e52"
"md","splitting-strategy","core","core/bmad-distillator/resources/splitting-strategy.md","26d3ed05f912cf99ff9ebe2353f2d84d70e3e852e23a32b1215c13416ad708b5"
"md","step-01-agent-loading","core","core/bmad-party-mode/steps/step-01-agent-loading.md","04ab6b6247564f7edcd5c503f5ca7d27ae688b09bbe2e24345550963a016e9f9"
"md","step-01-session-setup","core","core/bmad-brainstorming/steps/step-01-session-setup.md","7fd2aed9527ccdf35fc86bd4c9b27b4a530b5cfdfb90ae2b7385d3185bcd60bc"
"md","step-01b-continue","core","core/bmad-brainstorming/steps/step-01b-continue.md","49f8d78290291f974432bc8e8fce340de58ed62aa946e9e3182858bf63829920"
"md","step-02-discussion-orchestration","core","core/bmad-party-mode/steps/step-02-discussion-orchestration.md","a8a79890bd03237e20f1293045ecf06f9a62bc590f5c2d4f88e250cee40abb0b"
"md","step-02a-user-selected","core","core/bmad-brainstorming/steps/step-02a-user-selected.md","7ff3bca27286d17902ecea890494599796633e24a25ea6b31bbd6c3d2e54eba2"
"md","step-02b-ai-recommended","core","core/bmad-brainstorming/steps/step-02b-ai-recommended.md","cb77b810e0c98e080b4378999f0e250bacba4fb74c1bcb0a144cffe9989d2cbd"
"md","step-02c-random-selection","core","core/bmad-brainstorming/steps/step-02c-random-selection.md","91c6e16213911a231a41b1a55be7c939e7bbcd1463bd49cb03b5b669a90c0868"
"md","step-02d-progressive-flow","core","core/bmad-brainstorming/steps/step-02d-progressive-flow.md","6b6fbbd34bcf334d79f09e8c36ed3c9d55ddd3ebb8f8f77aa892643d1a4e3436"
"md","step-03-graceful-exit","core","core/bmad-party-mode/steps/step-03-graceful-exit.md","85e87df198fbb7ce1cf5e65937c4ad6f9ab51a2d80701979570f00519a2d9478"
"md","step-03-technique-execution","core","core/bmad-brainstorming/steps/step-03-technique-execution.md","b97afefd4ccc5234e554a3dfc5555337269ce171e730b250c756718235e9df60"
"md","step-04-idea-organization","core","core/bmad-brainstorming/steps/step-04-idea-organization.md","acb7eb6a54161213bb916cabf7d0d5084316704e792a880968fc340855cdcbbb"
"md","template","core","core/bmad-brainstorming/template.md","5c99d76963eb5fc21db96c5a68f39711dca7c6ed30e4f7d22aedee9e8bb964f9"
"md","workflow","core","core/bmad-brainstorming/workflow.md","74c87846a5cda7a4534ea592ea3125a8d8a1a88d19c94f5f4481fb28d0d16bf2"
"md","workflow","core","core/bmad-party-mode/workflow.md","e4f7328ccac68ecb7fb346c6b8f4e2e52171b63cff9070c0b382124872e673cb"
"py","analyze_sources","core","core/bmad-distillator/scripts/analyze_sources.py","31e2a8441c3c43c2536739c580cdef6abecb18ff20e7447f42dd868875783166"
"py","bmad_init","core","core/bmad-init/scripts/bmad_init.py","1b09aaadd599d12ba11bd61e86cb9ce7ce85e2d83f725ad8567b99ff00cbceeb"
"py","test_analyze_sources","core","core/bmad-distillator/scripts/tests/test_analyze_sources.py","d90525311f8010aaf8d7d9212a370468a697866190bae78c35d0aae9b7f23fdf"
"py","test_bmad_init","core","core/bmad-init/scripts/tests/test_bmad_init.py","84daa73b4e6adf4adbf203081a570b16859e090104a554ae46a295c9af3cb9bb"
"yaml","config","core","core/config.yaml","c4a3a2147e290e5c9ae24172d16a46c0315c28557ff7db3e23b54e7804622a90"
"yaml","core-module","core","core/bmad-init/resources/core-module.yaml","eff85de02831f466e46a6a093d860642220295556a09c59e1b7f893950a6cdc9"
"csv","module-help","tea","tea/module-help.csv","68aab8c909b689382e4a41ebf0054c8cb826ef22d3ee9a03ab7e5d5822879071"
"csv","tea-index","tea","tea/agents/bmad-tea/resources/tea-index.csv","4a77d1b3bee725013c3628d478121e1a4c5ddfd0203b30597bfcfb614a7a5519"
"csv","tea-index","tea","tea/workflows/testarch/bmad-testarch-atdd/resources/tea-index.csv","4a77d1b3bee725013c3628d478121e1a4c5ddfd0203b30597bfcfb614a7a5519"
"csv","tea-index","tea","tea/workflows/testarch/bmad-testarch-automate/resources/tea-index.csv","4a77d1b3bee725013c3628d478121e1a4c5ddfd0203b30597bfcfb614a7a5519"
"csv","tea-index","tea","tea/workflows/testarch/bmad-testarch-ci/resources/tea-index.csv","4a77d1b3bee725013c3628d478121e1a4c5ddfd0203b30597bfcfb614a7a5519"
"csv","tea-index","tea","tea/workflows/testarch/bmad-testarch-framework/resources/tea-index.csv","4a77d1b3bee725013c3628d478121e1a4c5ddfd0203b30597bfcfb614a7a5519"
"csv","tea-index","tea","tea/workflows/testarch/bmad-testarch-nfr/resources/tea-index.csv","4a77d1b3bee725013c3628d478121e1a4c5ddfd0203b30597bfcfb614a7a5519"
"csv","tea-index","tea","tea/workflows/testarch/bmad-testarch-test-design/resources/tea-index.csv","4a77d1b3bee725013c3628d478121e1a4c5ddfd0203b30597bfcfb614a7a5519"
"csv","tea-index","tea","tea/workflows/testarch/bmad-testarch-test-review/resources/tea-index.csv","4a77d1b3bee725013c3628d478121e1a4c5ddfd0203b30597bfcfb614a7a5519"
"csv","tea-index","tea","tea/workflows/testarch/bmad-testarch-trace/resources/tea-index.csv","4a77d1b3bee725013c3628d478121e1a4c5ddfd0203b30597bfcfb614a7a5519"
"groovy","jenkins-pipeline-template","tea","tea/workflows/testarch/bmad-testarch-ci/jenkins-pipeline-template.groovy","f2b75c5ba3eda7537044909830ca674d794eaa929bcd032fcc2c523709b9bb77"
"md","adr-quality-readiness-checklist","tea","tea/agents/bmad-tea/resources/knowledge/adr-quality-readiness-checklist.md","a8129b16c3b2afbc1f58fe5edc73dc8f1291c172c6ca009d92f1947bef1a237e"
"md","adr-quality-readiness-checklist","tea","tea/workflows/testarch/bmad-testarch-atdd/resources/knowledge/adr-quality-readiness-checklist.md","a8129b16c3b2afbc1f58fe5edc73dc8f1291c172c6ca009d92f1947bef1a237e"
"md","adr-quality-readiness-checklist","tea","tea/workflows/testarch/bmad-testarch-automate/resources/knowledge/adr-quality-readiness-checklist.md","a8129b16c3b2afbc1f58fe5edc73dc8f1291c172c6ca009d92f1947bef1a237e"
"md","adr-quality-readiness-checklist","tea","tea/workflows/testarch/bmad-testarch-ci/resources/knowledge/adr-quality-readiness-checklist.md","a8129b16c3b2afbc1f58fe5edc73dc8f1291c172c6ca009d92f1947bef1a237e"
"md","adr-quality-readiness-checklist","tea","tea/workflows/testarch/bmad-testarch-framework/resources/knowledge/adr-quality-readiness-checklist.md","a8129b16c3b2afbc1f58fe5edc73dc8f1291c172c6ca009d92f1947bef1a237e"
"md","adr-quality-readiness-checklist","tea","tea/workflows/testarch/bmad-testarch-nfr/resources/knowledge/adr-quality-readiness-checklist.md","a8129b16c3b2afbc1f58fe5edc73dc8f1291c172c6ca009d92f1947bef1a237e"
"md","adr-quality-readiness-checklist","tea","tea/workflows/testarch/bmad-testarch-test-design/resources/knowledge/adr-quality-readiness-checklist.md","a8129b16c3b2afbc1f58fe5edc73dc8f1291c172c6ca009d92f1947bef1a237e"
"md","adr-quality-readiness-checklist","tea","tea/workflows/testarch/bmad-testarch-test-review/resources/knowledge/adr-quality-readiness-checklist.md","a8129b16c3b2afbc1f58fe5edc73dc8f1291c172c6ca009d92f1947bef1a237e"
"md","adr-quality-readiness-checklist","tea","tea/workflows/testarch/bmad-testarch-trace/resources/knowledge/adr-quality-readiness-checklist.md","a8129b16c3b2afbc1f58fe5edc73dc8f1291c172c6ca009d92f1947bef1a237e"
"md","api-request","tea","tea/agents/bmad-tea/resources/knowledge/api-request.md","d14f6e26151c48424d60cde5db81c0ffc8ec72eaf3357f27b4e137f222a4c4e3"
"md","api-request","tea","tea/workflows/testarch/bmad-testarch-atdd/resources/knowledge/api-request.md","d14f6e26151c48424d60cde5db81c0ffc8ec72eaf3357f27b4e137f222a4c4e3"
"md","api-request","tea","tea/workflows/testarch/bmad-testarch-automate/resources/knowledge/api-request.md","d14f6e26151c48424d60cde5db81c0ffc8ec72eaf3357f27b4e137f222a4c4e3"
"md","api-request","tea","tea/workflows/testarch/bmad-testarch-ci/resources/knowledge/api-request.md","d14f6e26151c48424d60cde5db81c0ffc8ec72eaf3357f27b4e137f222a4c4e3"
"md","api-request","tea","tea/workflows/testarch/bmad-testarch-framework/resources/knowledge/api-request.md","d14f6e26151c48424d60cde5db81c0ffc8ec72eaf3357f27b4e137f222a4c4e3"
"md","api-request","tea","tea/workflows/testarch/bmad-testarch-nfr/resources/knowledge/api-request.md","d14f6e26151c48424d60cde5db81c0ffc8ec72eaf3357f27b4e137f222a4c4e3"
"md","api-request","tea","tea/workflows/testarch/bmad-testarch-test-design/resources/knowledge/api-request.md","d14f6e26151c48424d60cde5db81c0ffc8ec72eaf3357f27b4e137f222a4c4e3"
"md","api-request","tea","tea/workflows/testarch/bmad-testarch-test-review/resources/knowledge/api-request.md","d14f6e26151c48424d60cde5db81c0ffc8ec72eaf3357f27b4e137f222a4c4e3"
"md","api-request","tea","tea/workflows/testarch/bmad-testarch-trace/resources/knowledge/api-request.md","d14f6e26151c48424d60cde5db81c0ffc8ec72eaf3357f27b4e137f222a4c4e3"
"md","api-testing-patterns","tea","tea/agents/bmad-tea/resources/knowledge/api-testing-patterns.md","4b1b7069737d4916853f1393d1cd804ce7061454ad250fb919046a78b77c2648"
"md","api-testing-patterns","tea","tea/workflows/testarch/bmad-testarch-atdd/resources/knowledge/api-testing-patterns.md","4b1b7069737d4916853f1393d1cd804ce7061454ad250fb919046a78b77c2648"
"md","api-testing-patterns","tea","tea/workflows/testarch/bmad-testarch-automate/resources/knowledge/api-testing-patterns.md","4b1b7069737d4916853f1393d1cd804ce7061454ad250fb919046a78b77c2648"
"md","api-testing-patterns","tea","tea/workflows/testarch/bmad-testarch-ci/resources/knowledge/api-testing-patterns.md","4b1b7069737d4916853f1393d1cd804ce7061454ad250fb919046a78b77c2648"
"md","api-testing-patterns","tea","tea/workflows/testarch/bmad-testarch-framework/resources/knowledge/api-testing-patterns.md","4b1b7069737d4916853f1393d1cd804ce7061454ad250fb919046a78b77c2648"
"md","api-testing-patterns","tea","tea/workflows/testarch/bmad-testarch-nfr/resources/knowledge/api-testing-patterns.md","4b1b7069737d4916853f1393d1cd804ce7061454ad250fb919046a78b77c2648"
"md","api-testing-patterns","tea","tea/workflows/testarch/bmad-testarch-test-design/resources/knowledge/api-testing-patterns.md","4b1b7069737d4916853f1393d1cd804ce7061454ad250fb919046a78b77c2648"
"md","api-testing-patterns","tea","tea/workflows/testarch/bmad-testarch-test-review/resources/knowledge/api-testing-patterns.md","4b1b7069737d4916853f1393d1cd804ce7061454ad250fb919046a78b77c2648"
"md","api-testing-patterns","tea","tea/workflows/testarch/bmad-testarch-trace/resources/knowledge/api-testing-patterns.md","4b1b7069737d4916853f1393d1cd804ce7061454ad250fb919046a78b77c2648"
"md","atdd-checklist-template","tea","tea/workflows/testarch/bmad-testarch-atdd/atdd-checklist-template.md","17f9ac5654ce8e0eb81096454ab9376e34b0ea560e581bdc2d21bbde38c778c8"
"md","auth-session","tea","tea/agents/bmad-tea/resources/knowledge/auth-session.md","2b3de2a9468caf85f0e47ba9d79b142f424b6c10e3a342c264f1cf73d2f70ddc"
"md","auth-session","tea","tea/workflows/testarch/bmad-testarch-atdd/resources/knowledge/auth-session.md","2b3de2a9468caf85f0e47ba9d79b142f424b6c10e3a342c264f1cf73d2f70ddc"
"md","auth-session","tea","tea/workflows/testarch/bmad-testarch-automate/resources/knowledge/auth-session.md","2b3de2a9468caf85f0e47ba9d79b142f424b6c10e3a342c264f1cf73d2f70ddc"
"md","auth-session","tea","tea/workflows/testarch/bmad-testarch-ci/resources/knowledge/auth-session.md","2b3de2a9468caf85f0e47ba9d79b142f424b6c10e3a342c264f1cf73d2f70ddc"
"md","auth-session","tea","tea/workflows/testarch/bmad-testarch-framework/resources/knowledge/auth-session.md","2b3de2a9468caf85f0e47ba9d79b142f424b6c10e3a342c264f1cf73d2f70ddc"
"md","auth-session","tea","tea/workflows/testarch/bmad-testarch-nfr/resources/knowledge/auth-session.md","2b3de2a9468caf85f0e47ba9d79b142f424b6c10e3a342c264f1cf73d2f70ddc"
"md","auth-session","tea","tea/workflows/testarch/bmad-testarch-test-design/resources/knowledge/auth-session.md","2b3de2a9468caf85f0e47ba9d79b142f424b6c10e3a342c264f1cf73d2f70ddc"
"md","auth-session","tea","tea/workflows/testarch/bmad-testarch-test-review/resources/knowledge/auth-session.md","2b3de2a9468caf85f0e47ba9d79b142f424b6c10e3a342c264f1cf73d2f70ddc"
"md","auth-session","tea","tea/workflows/testarch/bmad-testarch-trace/resources/knowledge/auth-session.md","2b3de2a9468caf85f0e47ba9d79b142f424b6c10e3a342c264f1cf73d2f70ddc"
"md","burn-in","tea","tea/agents/bmad-tea/resources/knowledge/burn-in.md","5ba3d2abe6b961e5bc3948ab165e801195bff3ee6e66569c00c219b484aa4b5d"
"md","burn-in","tea","tea/workflows/testarch/bmad-testarch-atdd/resources/knowledge/burn-in.md","5ba3d2abe6b961e5bc3948ab165e801195bff3ee6e66569c00c219b484aa4b5d"
"md","burn-in","tea","tea/workflows/testarch/bmad-testarch-automate/resources/knowledge/burn-in.md","5ba3d2abe6b961e5bc3948ab165e801195bff3ee6e66569c00c219b484aa4b5d"
"md","burn-in","tea","tea/workflows/testarch/bmad-testarch-ci/resources/knowledge/burn-in.md","5ba3d2abe6b961e5bc3948ab165e801195bff3ee6e66569c00c219b484aa4b5d"
"md","burn-in","tea","tea/workflows/testarch/bmad-testarch-framework/resources/knowledge/burn-in.md","5ba3d2abe6b961e5bc3948ab165e801195bff3ee6e66569c00c219b484aa4b5d"
"md","burn-in","tea","tea/workflows/testarch/bmad-testarch-nfr/resources/knowledge/burn-in.md","5ba3d2abe6b961e5bc3948ab165e801195bff3ee6e66569c00c219b484aa4b5d"
"md","burn-in","tea","tea/workflows/testarch/bmad-testarch-test-design/resources/knowledge/burn-in.md","5ba3d2abe6b961e5bc3948ab165e801195bff3ee6e66569c00c219b484aa4b5d"
"md","burn-in","tea","tea/workflows/testarch/bmad-testarch-test-review/resources/knowledge/burn-in.md","5ba3d2abe6b961e5bc3948ab165e801195bff3ee6e66569c00c219b484aa4b5d"
"md","burn-in","tea","tea/workflows/testarch/bmad-testarch-trace/resources/knowledge/burn-in.md","5ba3d2abe6b961e5bc3948ab165e801195bff3ee6e66569c00c219b484aa4b5d"
"md","certificate-template","tea","tea/workflows/testarch/bmad-teach-me-testing/templates/certificate-template.md","7aee34aa98f0ef8fc649f55203aa5fa087e9743c5050638f28c81d1eb6c90051"
"md","checklist","tea","tea/workflows/testarch/bmad-teach-me-testing/checklist.md","7618c4e348725b16ac0d5702222159f3b4fa98a6d4cc4a0edbf987be8f52c1e0"
"md","checklist","tea","tea/workflows/testarch/bmad-testarch-atdd/checklist.md","4af3b837cc5ce6a9f8177e153c61929060e08686607c375e4527c7cc993b2c70"
"md","checklist","tea","tea/workflows/testarch/bmad-testarch-automate/checklist.md","cd132e3d4cf6e8164d0483e3f4abaa47e3ae81684d15673868a09de8d66fe94f"
"md","checklist","tea","tea/workflows/testarch/bmad-testarch-ci/checklist.md","a8b45cb926b53b6e16419db396c6f4c21aafb9a4022698971bcbd8622e805037"
"md","checklist","tea","tea/workflows/testarch/bmad-testarch-framework/checklist.md","d882289c2e7217fea3fba03c6824a52a5c3a850094345ae8bdcec7c1088a661f"
"md","checklist","tea","tea/workflows/testarch/bmad-testarch-nfr/checklist.md","7c940c238a25a53a6732ce2b5c74ae1e3fef020f61d032e03477024701462b5d"
"md","checklist","tea","tea/workflows/testarch/bmad-testarch-test-design/checklist.md","03f0058ceaa2bc2b8081b39db2c79293afb2a9e24cbce475770f2dbc0b97436d"
"md","checklist","tea","tea/workflows/testarch/bmad-testarch-test-review/checklist.md","b88bf4806473ef22cd7141ba6bde9911bee109e5fd49b27896213c3bb46a2760"
"md","checklist","tea","tea/workflows/testarch/bmad-testarch-trace/checklist.md","0fed29772d3b5c32bd447ae3631b91d5a8eaef4bf265337a061415545defe1c6"
"md","ci-burn-in","tea","tea/agents/bmad-tea/resources/knowledge/ci-burn-in.md","cc9ca53c62b910872e399ec1d378542e211e70563ddbce9aba84af253e0c74ac"
"md","ci-burn-in","tea","tea/workflows/testarch/bmad-testarch-atdd/resources/knowledge/ci-burn-in.md","cc9ca53c62b910872e399ec1d378542e211e70563ddbce9aba84af253e0c74ac"
"md","ci-burn-in","tea","tea/workflows/testarch/bmad-testarch-automate/resources/knowledge/ci-burn-in.md","cc9ca53c62b910872e399ec1d378542e211e70563ddbce9aba84af253e0c74ac"
"md","ci-burn-in","tea","tea/workflows/testarch/bmad-testarch-ci/resources/knowledge/ci-burn-in.md","cc9ca53c62b910872e399ec1d378542e211e70563ddbce9aba84af253e0c74ac"
"md","ci-burn-in","tea","tea/workflows/testarch/bmad-testarch-framework/resources/knowledge/ci-burn-in.md","cc9ca53c62b910872e399ec1d378542e211e70563ddbce9aba84af253e0c74ac"
"md","ci-burn-in","tea","tea/workflows/testarch/bmad-testarch-nfr/resources/knowledge/ci-burn-in.md","cc9ca53c62b910872e399ec1d378542e211e70563ddbce9aba84af253e0c74ac"
"md","ci-burn-in","tea","tea/workflows/testarch/bmad-testarch-test-design/resources/knowledge/ci-burn-in.md","cc9ca53c62b910872e399ec1d378542e211e70563ddbce9aba84af253e0c74ac"
"md","ci-burn-in","tea","tea/workflows/testarch/bmad-testarch-test-review/resources/knowledge/ci-burn-in.md","cc9ca53c62b910872e399ec1d378542e211e70563ddbce9aba84af253e0c74ac"
"md","ci-burn-in","tea","tea/workflows/testarch/bmad-testarch-trace/resources/knowledge/ci-burn-in.md","cc9ca53c62b910872e399ec1d378542e211e70563ddbce9aba84af253e0c74ac"
"md","component-tdd","tea","tea/agents/bmad-tea/resources/knowledge/component-tdd.md","88bd1f9ca1d5bcd1552828845fe80b86ff3acdf071bac574eda744caf7120ef8"
"md","component-tdd","tea","tea/workflows/testarch/bmad-testarch-atdd/resources/knowledge/component-tdd.md","88bd1f9ca1d5bcd1552828845fe80b86ff3acdf071bac574eda744caf7120ef8"
"md","component-tdd","tea","tea/workflows/testarch/bmad-testarch-automate/resources/knowledge/component-tdd.md","88bd1f9ca1d5bcd1552828845fe80b86ff3acdf071bac574eda744caf7120ef8"
"md","component-tdd","tea","tea/workflows/testarch/bmad-testarch-ci/resources/knowledge/component-tdd.md","88bd1f9ca1d5bcd1552828845fe80b86ff3acdf071bac574eda744caf7120ef8"
"md","component-tdd","tea","tea/workflows/testarch/bmad-testarch-framework/resources/knowledge/component-tdd.md","88bd1f9ca1d5bcd1552828845fe80b86ff3acdf071bac574eda744caf7120ef8"
"md","component-tdd","tea","tea/workflows/testarch/bmad-testarch-nfr/resources/knowledge/component-tdd.md","88bd1f9ca1d5bcd1552828845fe80b86ff3acdf071bac574eda744caf7120ef8"
"md","component-tdd","tea","tea/workflows/testarch/bmad-testarch-test-design/resources/knowledge/component-tdd.md","88bd1f9ca1d5bcd1552828845fe80b86ff3acdf071bac574eda744caf7120ef8"
"md","component-tdd","tea","tea/workflows/testarch/bmad-testarch-test-review/resources/knowledge/component-tdd.md","88bd1f9ca1d5bcd1552828845fe80b86ff3acdf071bac574eda744caf7120ef8"
"md","component-tdd","tea","tea/workflows/testarch/bmad-testarch-trace/resources/knowledge/component-tdd.md","88bd1f9ca1d5bcd1552828845fe80b86ff3acdf071bac574eda744caf7120ef8"
"md","contract-testing","tea","tea/agents/bmad-tea/resources/knowledge/contract-testing.md","67c706135f3fd8fde5d112acbff37dc75a5ef847729752bc92bd735d6d85f393"
"md","contract-testing","tea","tea/workflows/testarch/bmad-testarch-atdd/resources/knowledge/contract-testing.md","67c706135f3fd8fde5d112acbff37dc75a5ef847729752bc92bd735d6d85f393"
"md","contract-testing","tea","tea/workflows/testarch/bmad-testarch-automate/resources/knowledge/contract-testing.md","67c706135f3fd8fde5d112acbff37dc75a5ef847729752bc92bd735d6d85f393"
"md","contract-testing","tea","tea/workflows/testarch/bmad-testarch-ci/resources/knowledge/contract-testing.md","67c706135f3fd8fde5d112acbff37dc75a5ef847729752bc92bd735d6d85f393"
"md","contract-testing","tea","tea/workflows/testarch/bmad-testarch-framework/resources/knowledge/contract-testing.md","67c706135f3fd8fde5d112acbff37dc75a5ef847729752bc92bd735d6d85f393"
"md","contract-testing","tea","tea/workflows/testarch/bmad-testarch-nfr/resources/knowledge/contract-testing.md","67c706135f3fd8fde5d112acbff37dc75a5ef847729752bc92bd735d6d85f393"
"md","contract-testing","tea","tea/workflows/testarch/bmad-testarch-test-design/resources/knowledge/contract-testing.md","67c706135f3fd8fde5d112acbff37dc75a5ef847729752bc92bd735d6d85f393"
"md","contract-testing","tea","tea/workflows/testarch/bmad-testarch-test-review/resources/knowledge/contract-testing.md","67c706135f3fd8fde5d112acbff37dc75a5ef847729752bc92bd735d6d85f393"
"md","contract-testing","tea","tea/workflows/testarch/bmad-testarch-trace/resources/knowledge/contract-testing.md","67c706135f3fd8fde5d112acbff37dc75a5ef847729752bc92bd735d6d85f393"
"md","data-factories","tea","tea/agents/bmad-tea/resources/knowledge/data-factories.md","d7428fe7675da02b6f5c4c03213fc5e542063f61ab033efb47c1c5669b835d88"
"md","data-factories","tea","tea/workflows/testarch/bmad-testarch-atdd/resources/knowledge/data-factories.md","d7428fe7675da02b6f5c4c03213fc5e542063f61ab033efb47c1c5669b835d88"
"md","data-factories","tea","tea/workflows/testarch/bmad-testarch-automate/resources/knowledge/data-factories.md","d7428fe7675da02b6f5c4c03213fc5e542063f61ab033efb47c1c5669b835d88"
"md","data-factories","tea","tea/workflows/testarch/bmad-testarch-ci/resources/knowledge/data-factories.md","d7428fe7675da02b6f5c4c03213fc5e542063f61ab033efb47c1c5669b835d88"
"md","data-factories","tea","tea/workflows/testarch/bmad-testarch-framework/resources/knowledge/data-factories.md","d7428fe7675da02b6f5c4c03213fc5e542063f61ab033efb47c1c5669b835d88"
"md","data-factories","tea","tea/workflows/testarch/bmad-testarch-nfr/resources/knowledge/data-factories.md","d7428fe7675da02b6f5c4c03213fc5e542063f61ab033efb47c1c5669b835d88"
"md","data-factories","tea","tea/workflows/testarch/bmad-testarch-test-design/resources/knowledge/data-factories.md","d7428fe7675da02b6f5c4c03213fc5e542063f61ab033efb47c1c5669b835d88"
"md","data-factories","tea","tea/workflows/testarch/bmad-testarch-test-review/resources/knowledge/data-factories.md","d7428fe7675da02b6f5c4c03213fc5e542063f61ab033efb47c1c5669b835d88"
"md","data-factories","tea","tea/workflows/testarch/bmad-testarch-trace/resources/knowledge/data-factories.md","d7428fe7675da02b6f5c4c03213fc5e542063f61ab033efb47c1c5669b835d88"
"md","email-auth","tea","tea/agents/bmad-tea/resources/knowledge/email-auth.md","43f4cc3138a905a91f4a69f358be6664a790b192811b4dfc238188e826f6b41b"
"md","email-auth","tea","tea/workflows/testarch/bmad-testarch-atdd/resources/knowledge/email-auth.md","43f4cc3138a905a91f4a69f358be6664a790b192811b4dfc238188e826f6b41b"
"md","email-auth","tea","tea/workflows/testarch/bmad-testarch-automate/resources/knowledge/email-auth.md","43f4cc3138a905a91f4a69f358be6664a790b192811b4dfc238188e826f6b41b"
"md","email-auth","tea","tea/workflows/testarch/bmad-testarch-ci/resources/knowledge/email-auth.md","43f4cc3138a905a91f4a69f358be6664a790b192811b4dfc238188e826f6b41b"
"md","email-auth","tea","tea/workflows/testarch/bmad-testarch-framework/resources/knowledge/email-auth.md","43f4cc3138a905a91f4a69f358be6664a790b192811b4dfc238188e826f6b41b"
"md","email-auth","tea","tea/workflows/testarch/bmad-testarch-nfr/resources/knowledge/email-auth.md","43f4cc3138a905a91f4a69f358be6664a790b192811b4dfc238188e826f6b41b"
"md","email-auth","tea","tea/workflows/testarch/bmad-testarch-test-design/resources/knowledge/email-auth.md","43f4cc3138a905a91f4a69f358be6664a790b192811b4dfc238188e826f6b41b"
"md","email-auth","tea","tea/workflows/testarch/bmad-testarch-test-review/resources/knowledge/email-auth.md","43f4cc3138a905a91f4a69f358be6664a790b192811b4dfc238188e826f6b41b"
"md","email-auth","tea","tea/workflows/testarch/bmad-testarch-trace/resources/knowledge/email-auth.md","43f4cc3138a905a91f4a69f358be6664a790b192811b4dfc238188e826f6b41b"
"md","error-handling","tea","tea/agents/bmad-tea/resources/knowledge/error-handling.md","38975ebe2655b4d85035d8e740aef63fdef63dc31f9acf530142788060f62153"
"md","error-handling","tea","tea/workflows/testarch/bmad-testarch-atdd/resources/knowledge/error-handling.md","38975ebe2655b4d85035d8e740aef63fdef63dc31f9acf530142788060f62153"
"md","error-handling","tea","tea/workflows/testarch/bmad-testarch-automate/resources/knowledge/error-handling.md","38975ebe2655b4d85035d8e740aef63fdef63dc31f9acf530142788060f62153"
"md","error-handling","tea","tea/workflows/testarch/bmad-testarch-ci/resources/knowledge/error-handling.md","38975ebe2655b4d85035d8e740aef63fdef63dc31f9acf530142788060f62153"
"md","error-handling","tea","tea/workflows/testarch/bmad-testarch-framework/resources/knowledge/error-handling.md","38975ebe2655b4d85035d8e740aef63fdef63dc31f9acf530142788060f62153"
"md","error-handling","tea","tea/workflows/testarch/bmad-testarch-nfr/resources/knowledge/error-handling.md","38975ebe2655b4d85035d8e740aef63fdef63dc31f9acf530142788060f62153"
"md","error-handling","tea","tea/workflows/testarch/bmad-testarch-test-design/resources/knowledge/error-handling.md","38975ebe2655b4d85035d8e740aef63fdef63dc31f9acf530142788060f62153"
"md","error-handling","tea","tea/workflows/testarch/bmad-testarch-test-review/resources/knowledge/error-handling.md","38975ebe2655b4d85035d8e740aef63fdef63dc31f9acf530142788060f62153"
"md","error-handling","tea","tea/workflows/testarch/bmad-testarch-trace/resources/knowledge/error-handling.md","38975ebe2655b4d85035d8e740aef63fdef63dc31f9acf530142788060f62153"
"md","feature-flags","tea","tea/agents/bmad-tea/resources/knowledge/feature-flags.md","5b3cf037169719e69d468ff2ecfc94711bc41fd3e330c6f81a404163bb09fdba"
"md","feature-flags","tea","tea/workflows/testarch/bmad-testarch-atdd/resources/knowledge/feature-flags.md","5b3cf037169719e69d468ff2ecfc94711bc41fd3e330c6f81a404163bb09fdba"
"md","feature-flags","tea","tea/workflows/testarch/bmad-testarch-automate/resources/knowledge/feature-flags.md","5b3cf037169719e69d468ff2ecfc94711bc41fd3e330c6f81a404163bb09fdba"
"md","feature-flags","tea","tea/workflows/testarch/bmad-testarch-ci/resources/knowledge/feature-flags.md","5b3cf037169719e69d468ff2ecfc94711bc41fd3e330c6f81a404163bb09fdba"
"md","feature-flags","tea","tea/workflows/testarch/bmad-testarch-framework/resources/knowledge/feature-flags.md","5b3cf037169719e69d468ff2ecfc94711bc41fd3e330c6f81a404163bb09fdba"
"md","feature-flags","tea","tea/workflows/testarch/bmad-testarch-nfr/resources/knowledge/feature-flags.md","5b3cf037169719e69d468ff2ecfc94711bc41fd3e330c6f81a404163bb09fdba"
"md","feature-flags","tea","tea/workflows/testarch/bmad-testarch-test-design/resources/knowledge/feature-flags.md","5b3cf037169719e69d468ff2ecfc94711bc41fd3e330c6f81a404163bb09fdba"
"md","feature-flags","tea","tea/workflows/testarch/bmad-testarch-test-review/resources/knowledge/feature-flags.md","5b3cf037169719e69d468ff2ecfc94711bc41fd3e330c6f81a404163bb09fdba"
"md","feature-flags","tea","tea/workflows/testarch/bmad-testarch-trace/resources/knowledge/feature-flags.md","5b3cf037169719e69d468ff2ecfc94711bc41fd3e330c6f81a404163bb09fdba"
"md","file-utils","tea","tea/agents/bmad-tea/resources/knowledge/file-utils.md","7d1092930118fb160b9c0a4a48c398d9b08bb909d1e2432662d8e81e1e3b0087"
"md","file-utils","tea","tea/workflows/testarch/bmad-testarch-atdd/resources/knowledge/file-utils.md","7d1092930118fb160b9c0a4a48c398d9b08bb909d1e2432662d8e81e1e3b0087"
"md","file-utils","tea","tea/workflows/testarch/bmad-testarch-automate/resources/knowledge/file-utils.md","7d1092930118fb160b9c0a4a48c398d9b08bb909d1e2432662d8e81e1e3b0087"
"md","file-utils","tea","tea/workflows/testarch/bmad-testarch-ci/resources/knowledge/file-utils.md","7d1092930118fb160b9c0a4a48c398d9b08bb909d1e2432662d8e81e1e3b0087"
"md","file-utils","tea","tea/workflows/testarch/bmad-testarch-framework/resources/knowledge/file-utils.md","7d1092930118fb160b9c0a4a48c398d9b08bb909d1e2432662d8e81e1e3b0087"
"md","file-utils","tea","tea/workflows/testarch/bmad-testarch-nfr/resources/knowledge/file-utils.md","7d1092930118fb160b9c0a4a48c398d9b08bb909d1e2432662d8e81e1e3b0087"
"md","file-utils","tea","tea/workflows/testarch/bmad-testarch-test-design/resources/knowledge/file-utils.md","7d1092930118fb160b9c0a4a48c398d9b08bb909d1e2432662d8e81e1e3b0087"
"md","file-utils","tea","tea/workflows/testarch/bmad-testarch-test-review/resources/knowledge/file-utils.md","7d1092930118fb160b9c0a4a48c398d9b08bb909d1e2432662d8e81e1e3b0087"
"md","file-utils","tea","tea/workflows/testarch/bmad-testarch-trace/resources/knowledge/file-utils.md","7d1092930118fb160b9c0a4a48c398d9b08bb909d1e2432662d8e81e1e3b0087"
"md","fixture-architecture","tea","tea/agents/bmad-tea/resources/knowledge/fixture-architecture.md","c0c62381e7a0385fe0d8b59861a3756994d3bbc673e4605ded9607d5217c7e55"
"md","fixture-architecture","tea","tea/workflows/testarch/bmad-testarch-atdd/resources/knowledge/fixture-architecture.md","c0c62381e7a0385fe0d8b59861a3756994d3bbc673e4605ded9607d5217c7e55"
"md","fixture-architecture","tea","tea/workflows/testarch/bmad-testarch-automate/resources/knowledge/fixture-architecture.md","c0c62381e7a0385fe0d8b59861a3756994d3bbc673e4605ded9607d5217c7e55"
"md","fixture-architecture","tea","tea/workflows/testarch/bmad-testarch-ci/resources/knowledge/fixture-architecture.md","c0c62381e7a0385fe0d8b59861a3756994d3bbc673e4605ded9607d5217c7e55"
"md","fixture-architecture","tea","tea/workflows/testarch/bmad-testarch-framework/resources/knowledge/fixture-architecture.md","c0c62381e7a0385fe0d8b59861a3756994d3bbc673e4605ded9607d5217c7e55"
"md","fixture-architecture","tea","tea/workflows/testarch/bmad-testarch-nfr/resources/knowledge/fixture-architecture.md","c0c62381e7a0385fe0d8b59861a3756994d3bbc673e4605ded9607d5217c7e55"
"md","fixture-architecture","tea","tea/workflows/testarch/bmad-testarch-test-design/resources/knowledge/fixture-architecture.md","c0c62381e7a0385fe0d8b59861a3756994d3bbc673e4605ded9607d5217c7e55"
"md","fixture-architecture","tea","tea/workflows/testarch/bmad-testarch-test-review/resources/knowledge/fixture-architecture.md","c0c62381e7a0385fe0d8b59861a3756994d3bbc673e4605ded9607d5217c7e55"
"md","fixture-architecture","tea","tea/workflows/testarch/bmad-testarch-trace/resources/knowledge/fixture-architecture.md","c0c62381e7a0385fe0d8b59861a3756994d3bbc673e4605ded9607d5217c7e55"
"md","fixtures-composition","tea","tea/agents/bmad-tea/resources/knowledge/fixtures-composition.md","8e57a897663a272fd603026aeec76941543c1e09d129e377846726fd405f3a5a"
"md","fixtures-composition","tea","tea/workflows/testarch/bmad-testarch-atdd/resources/knowledge/fixtures-composition.md","8e57a897663a272fd603026aeec76941543c1e09d129e377846726fd405f3a5a"
"md","fixtures-composition","tea","tea/workflows/testarch/bmad-testarch-automate/resources/knowledge/fixtures-composition.md","8e57a897663a272fd603026aeec76941543c1e09d129e377846726fd405f3a5a"
"md","fixtures-composition","tea","tea/workflows/testarch/bmad-testarch-ci/resources/knowledge/fixtures-composition.md","8e57a897663a272fd603026aeec76941543c1e09d129e377846726fd405f3a5a"
"md","fixtures-composition","tea","tea/workflows/testarch/bmad-testarch-framework/resources/knowledge/fixtures-composition.md","8e57a897663a272fd603026aeec76941543c1e09d129e377846726fd405f3a5a"
"md","fixtures-composition","tea","tea/workflows/testarch/bmad-testarch-nfr/resources/knowledge/fixtures-composition.md","8e57a897663a272fd603026aeec76941543c1e09d129e377846726fd405f3a5a"
"md","fixtures-composition","tea","tea/workflows/testarch/bmad-testarch-test-design/resources/knowledge/fixtures-composition.md","8e57a897663a272fd603026aeec76941543c1e09d129e377846726fd405f3a5a"
"md","fixtures-composition","tea","tea/workflows/testarch/bmad-testarch-test-review/resources/knowledge/fixtures-composition.md","8e57a897663a272fd603026aeec76941543c1e09d129e377846726fd405f3a5a"
"md","fixtures-composition","tea","tea/workflows/testarch/bmad-testarch-trace/resources/knowledge/fixtures-composition.md","8e57a897663a272fd603026aeec76941543c1e09d129e377846726fd405f3a5a"
"md","instructions","tea","tea/workflows/testarch/bmad-teach-me-testing/instructions.md","56951f1a9a051f17f7fbf93891850dfea39bb84263e3a1c5a973bd44f8bf6b8b"
"md","instructions","tea","tea/workflows/testarch/bmad-testarch-atdd/instructions.md","3dc03f0177dbb90eab2a06087eac9ab608d2a2b36ef31923ecfaaf4f95c9ad0e"
"md","instructions","tea","tea/workflows/testarch/bmad-testarch-automate/instructions.md","bd85720cd33d3cea347867ef9546a252b167ff47cff223704aa75d946cd0e99d"
"md","instructions","tea","tea/workflows/testarch/bmad-testarch-ci/instructions.md","e9e951710d22003839ad7050aa77229bffa7ed7328fba3ba556cecc5a78685b3"
"md","instructions","tea","tea/workflows/testarch/bmad-testarch-framework/instructions.md","463d240dfe7657f914c7b61e3af3e0c31dea47c36eb750f7db195ee10625a0b9"
"md","instructions","tea","tea/workflows/testarch/bmad-testarch-nfr/instructions.md","ea2abf088ba7138640ff458041c38bffb80ea04617f56751fc9c7d7c002e9329"
"md","instructions","tea","tea/workflows/testarch/bmad-testarch-test-design/instructions.md","956c35d8cefb4e7751547b92edb066e727e5d124cc71b328205e66f488063fdc"
"md","instructions","tea","tea/workflows/testarch/bmad-testarch-test-review/instructions.md","bf7fa4a84baa56a94bd5f0da74c14aba2e2262bd4a419443009293d8a2d47b90"
"md","instructions","tea","tea/workflows/testarch/bmad-testarch-trace/instructions.md","cdb83252c5ed11cd40907c18ad42277d5a3aa6d6c9ad2cf9953956be7471e08c"
"md","intercept-network-call","tea","tea/agents/bmad-tea/resources/knowledge/intercept-network-call.md","ac8213cc28a9f9c452a6fb419356dd1d66ce495d7f29d188fcb1bb51456ba869"
"md","intercept-network-call","tea","tea/workflows/testarch/bmad-testarch-atdd/resources/knowledge/intercept-network-call.md","ac8213cc28a9f9c452a6fb419356dd1d66ce495d7f29d188fcb1bb51456ba869"
"md","intercept-network-call","tea","tea/workflows/testarch/bmad-testarch-automate/resources/knowledge/intercept-network-call.md","ac8213cc28a9f9c452a6fb419356dd1d66ce495d7f29d188fcb1bb51456ba869"
"md","intercept-network-call","tea","tea/workflows/testarch/bmad-testarch-ci/resources/knowledge/intercept-network-call.md","ac8213cc28a9f9c452a6fb419356dd1d66ce495d7f29d188fcb1bb51456ba869"
"md","intercept-network-call","tea","tea/workflows/testarch/bmad-testarch-framework/resources/knowledge/intercept-network-call.md","ac8213cc28a9f9c452a6fb419356dd1d66ce495d7f29d188fcb1bb51456ba869"
"md","intercept-network-call","tea","tea/workflows/testarch/bmad-testarch-nfr/resources/knowledge/intercept-network-call.md","ac8213cc28a9f9c452a6fb419356dd1d66ce495d7f29d188fcb1bb51456ba869"
"md","intercept-network-call","tea","tea/workflows/testarch/bmad-testarch-test-design/resources/knowledge/intercept-network-call.md","ac8213cc28a9f9c452a6fb419356dd1d66ce495d7f29d188fcb1bb51456ba869"
"md","intercept-network-call","tea","tea/workflows/testarch/bmad-testarch-test-review/resources/knowledge/intercept-network-call.md","ac8213cc28a9f9c452a6fb419356dd1d66ce495d7f29d188fcb1bb51456ba869"
"md","intercept-network-call","tea","tea/workflows/testarch/bmad-testarch-trace/resources/knowledge/intercept-network-call.md","ac8213cc28a9f9c452a6fb419356dd1d66ce495d7f29d188fcb1bb51456ba869"
"md","log","tea","tea/agents/bmad-tea/resources/knowledge/log.md","54b09992275e1ab361bf109b342a7d487cbb5bafa4e9cc48b320a1a5eb11857f"
"md","log","tea","tea/workflows/testarch/bmad-testarch-atdd/resources/knowledge/log.md","54b09992275e1ab361bf109b342a7d487cbb5bafa4e9cc48b320a1a5eb11857f"
"md","log","tea","tea/workflows/testarch/bmad-testarch-automate/resources/knowledge/log.md","54b09992275e1ab361bf109b342a7d487cbb5bafa4e9cc48b320a1a5eb11857f"
"md","log","tea","tea/workflows/testarch/bmad-testarch-ci/resources/knowledge/log.md","54b09992275e1ab361bf109b342a7d487cbb5bafa4e9cc48b320a1a5eb11857f"
"md","log","tea","tea/workflows/testarch/bmad-testarch-framework/resources/knowledge/log.md","54b09992275e1ab361bf109b342a7d487cbb5bafa4e9cc48b320a1a5eb11857f"
"md","log","tea","tea/workflows/testarch/bmad-testarch-nfr/resources/knowledge/log.md","54b09992275e1ab361bf109b342a7d487cbb5bafa4e9cc48b320a1a5eb11857f"
"md","log","tea","tea/workflows/testarch/bmad-testarch-test-design/resources/knowledge/log.md","54b09992275e1ab361bf109b342a7d487cbb5bafa4e9cc48b320a1a5eb11857f"
"md","log","tea","tea/workflows/testarch/bmad-testarch-test-review/resources/knowledge/log.md","54b09992275e1ab361bf109b342a7d487cbb5bafa4e9cc48b320a1a5eb11857f"
"md","log","tea","tea/workflows/testarch/bmad-testarch-trace/resources/knowledge/log.md","54b09992275e1ab361bf109b342a7d487cbb5bafa4e9cc48b320a1a5eb11857f"
"md","network-error-monitor","tea","tea/agents/bmad-tea/resources/knowledge/network-error-monitor.md","c9041fd4af8162580a12c7adad79fdf7539fae7d6717fe7dace05e851c1b734c"
"md","network-error-monitor","tea","tea/workflows/testarch/bmad-testarch-atdd/resources/knowledge/network-error-monitor.md","c9041fd4af8162580a12c7adad79fdf7539fae7d6717fe7dace05e851c1b734c"
"md","network-error-monitor","tea","tea/workflows/testarch/bmad-testarch-automate/resources/knowledge/network-error-monitor.md","c9041fd4af8162580a12c7adad79fdf7539fae7d6717fe7dace05e851c1b734c"
"md","network-error-monitor","tea","tea/workflows/testarch/bmad-testarch-ci/resources/knowledge/network-error-monitor.md","c9041fd4af8162580a12c7adad79fdf7539fae7d6717fe7dace05e851c1b734c"
"md","network-error-monitor","tea","tea/workflows/testarch/bmad-testarch-framework/resources/knowledge/network-error-monitor.md","c9041fd4af8162580a12c7adad79fdf7539fae7d6717fe7dace05e851c1b734c"
"md","network-error-monitor","tea","tea/workflows/testarch/bmad-testarch-nfr/resources/knowledge/network-error-monitor.md","c9041fd4af8162580a12c7adad79fdf7539fae7d6717fe7dace05e851c1b734c"
"md","network-error-monitor","tea","tea/workflows/testarch/bmad-testarch-test-design/resources/knowledge/network-error-monitor.md","c9041fd4af8162580a12c7adad79fdf7539fae7d6717fe7dace05e851c1b734c"
"md","network-error-monitor","tea","tea/workflows/testarch/bmad-testarch-test-review/resources/knowledge/network-error-monitor.md","c9041fd4af8162580a12c7adad79fdf7539fae7d6717fe7dace05e851c1b734c"
"md","network-error-monitor","tea","tea/workflows/testarch/bmad-testarch-trace/resources/knowledge/network-error-monitor.md","c9041fd4af8162580a12c7adad79fdf7539fae7d6717fe7dace05e851c1b734c"
"md","network-first","tea","tea/agents/bmad-tea/resources/knowledge/network-first.md","2920e58e145626f5505bcb75e263dbd0e6ac79a8c4c2ec138f5329e06a6ac014"
"md","network-first","tea","tea/workflows/testarch/bmad-testarch-atdd/resources/knowledge/network-first.md","2920e58e145626f5505bcb75e263dbd0e6ac79a8c4c2ec138f5329e06a6ac014"
"md","network-first","tea","tea/workflows/testarch/bmad-testarch-automate/resources/knowledge/network-first.md","2920e58e145626f5505bcb75e263dbd0e6ac79a8c4c2ec138f5329e06a6ac014"
"md","network-first","tea","tea/workflows/testarch/bmad-testarch-ci/resources/knowledge/network-first.md","2920e58e145626f5505bcb75e263dbd0e6ac79a8c4c2ec138f5329e06a6ac014"
"md","network-first","tea","tea/workflows/testarch/bmad-testarch-framework/resources/knowledge/network-first.md","2920e58e145626f5505bcb75e263dbd0e6ac79a8c4c2ec138f5329e06a6ac014"
"md","network-first","tea","tea/workflows/testarch/bmad-testarch-nfr/resources/knowledge/network-first.md","2920e58e145626f5505bcb75e263dbd0e6ac79a8c4c2ec138f5329e06a6ac014"
"md","network-first","tea","tea/workflows/testarch/bmad-testarch-test-design/resources/knowledge/network-first.md","2920e58e145626f5505bcb75e263dbd0e6ac79a8c4c2ec138f5329e06a6ac014"
"md","network-first","tea","tea/workflows/testarch/bmad-testarch-test-review/resources/knowledge/network-first.md","2920e58e145626f5505bcb75e263dbd0e6ac79a8c4c2ec138f5329e06a6ac014"
"md","network-first","tea","tea/workflows/testarch/bmad-testarch-trace/resources/knowledge/network-first.md","2920e58e145626f5505bcb75e263dbd0e6ac79a8c4c2ec138f5329e06a6ac014"
"md","network-recorder","tea","tea/agents/bmad-tea/resources/knowledge/network-recorder.md","6ae5ee35a9f1816dc4bf7c4573f6be931a16567d697ff463867819cc39a3268d"
"md","network-recorder","tea","tea/workflows/testarch/bmad-testarch-atdd/resources/knowledge/network-recorder.md","6ae5ee35a9f1816dc4bf7c4573f6be931a16567d697ff463867819cc39a3268d"
"md","network-recorder","tea","tea/workflows/testarch/bmad-testarch-automate/resources/knowledge/network-recorder.md","6ae5ee35a9f1816dc4bf7c4573f6be931a16567d697ff463867819cc39a3268d"
"md","network-recorder","tea","tea/workflows/testarch/bmad-testarch-ci/resources/knowledge/network-recorder.md","6ae5ee35a9f1816dc4bf7c4573f6be931a16567d697ff463867819cc39a3268d"
"md","network-recorder","tea","tea/workflows/testarch/bmad-testarch-framework/resources/knowledge/network-recorder.md","6ae5ee35a9f1816dc4bf7c4573f6be931a16567d697ff463867819cc39a3268d"
"md","network-recorder","tea","tea/workflows/testarch/bmad-testarch-nfr/resources/knowledge/network-recorder.md","6ae5ee35a9f1816dc4bf7c4573f6be931a16567d697ff463867819cc39a3268d"
"md","network-recorder","tea","tea/workflows/testarch/bmad-testarch-test-design/resources/knowledge/network-recorder.md","6ae5ee35a9f1816dc4bf7c4573f6be931a16567d697ff463867819cc39a3268d"
"md","network-recorder","tea","tea/workflows/testarch/bmad-testarch-test-review/resources/knowledge/network-recorder.md","6ae5ee35a9f1816dc4bf7c4573f6be931a16567d697ff463867819cc39a3268d"
"md","network-recorder","tea","tea/workflows/testarch/bmad-testarch-trace/resources/knowledge/network-recorder.md","6ae5ee35a9f1816dc4bf7c4573f6be931a16567d697ff463867819cc39a3268d"
"md","nfr-criteria","tea","tea/agents/bmad-tea/resources/knowledge/nfr-criteria.md","e63cee4a0193e4858c8f70ff33a497a1b97d13a69da66f60ed5c9a9853025aa1"
"md","nfr-criteria","tea","tea/workflows/testarch/bmad-testarch-atdd/resources/knowledge/nfr-criteria.md","e63cee4a0193e4858c8f70ff33a497a1b97d13a69da66f60ed5c9a9853025aa1"
"md","nfr-criteria","tea","tea/workflows/testarch/bmad-testarch-automate/resources/knowledge/nfr-criteria.md","e63cee4a0193e4858c8f70ff33a497a1b97d13a69da66f60ed5c9a9853025aa1"
"md","nfr-criteria","tea","tea/workflows/testarch/bmad-testarch-ci/resources/knowledge/nfr-criteria.md","e63cee4a0193e4858c8f70ff33a497a1b97d13a69da66f60ed5c9a9853025aa1"
"md","nfr-criteria","tea","tea/workflows/testarch/bmad-testarch-framework/resources/knowledge/nfr-criteria.md","e63cee4a0193e4858c8f70ff33a497a1b97d13a69da66f60ed5c9a9853025aa1"
"md","nfr-criteria","tea","tea/workflows/testarch/bmad-testarch-nfr/resources/knowledge/nfr-criteria.md","e63cee4a0193e4858c8f70ff33a497a1b97d13a69da66f60ed5c9a9853025aa1"
"md","nfr-criteria","tea","tea/workflows/testarch/bmad-testarch-test-design/resources/knowledge/nfr-criteria.md","e63cee4a0193e4858c8f70ff33a497a1b97d13a69da66f60ed5c9a9853025aa1"
"md","nfr-criteria","tea","tea/workflows/testarch/bmad-testarch-test-review/resources/knowledge/nfr-criteria.md","e63cee4a0193e4858c8f70ff33a497a1b97d13a69da66f60ed5c9a9853025aa1"
"md","nfr-criteria","tea","tea/workflows/testarch/bmad-testarch-trace/resources/knowledge/nfr-criteria.md","e63cee4a0193e4858c8f70ff33a497a1b97d13a69da66f60ed5c9a9853025aa1"
"md","nfr-report-template","tea","tea/workflows/testarch/bmad-testarch-nfr/nfr-report-template.md","452ac39fb19ccd6bbd2185a99c5fc431a7ba134cd641482cfa9a9f5c91a2bffa"
"md","overview","tea","tea/agents/bmad-tea/resources/knowledge/overview.md","25ca75c93fbcef398c7ec7a201ece881f6f3a15f86cfc0a19a04b90a2c6dddbf"
"md","overview","tea","tea/workflows/testarch/bmad-testarch-atdd/resources/knowledge/overview.md","25ca75c93fbcef398c7ec7a201ece881f6f3a15f86cfc0a19a04b90a2c6dddbf"
"md","overview","tea","tea/workflows/testarch/bmad-testarch-automate/resources/knowledge/overview.md","25ca75c93fbcef398c7ec7a201ece881f6f3a15f86cfc0a19a04b90a2c6dddbf"
"md","overview","tea","tea/workflows/testarch/bmad-testarch-ci/resources/knowledge/overview.md","25ca75c93fbcef398c7ec7a201ece881f6f3a15f86cfc0a19a04b90a2c6dddbf"
"md","overview","tea","tea/workflows/testarch/bmad-testarch-framework/resources/knowledge/overview.md","25ca75c93fbcef398c7ec7a201ece881f6f3a15f86cfc0a19a04b90a2c6dddbf"
"md","overview","tea","tea/workflows/testarch/bmad-testarch-nfr/resources/knowledge/overview.md","25ca75c93fbcef398c7ec7a201ece881f6f3a15f86cfc0a19a04b90a2c6dddbf"
"md","overview","tea","tea/workflows/testarch/bmad-testarch-test-design/resources/knowledge/overview.md","25ca75c93fbcef398c7ec7a201ece881f6f3a15f86cfc0a19a04b90a2c6dddbf"
"md","overview","tea","tea/workflows/testarch/bmad-testarch-test-review/resources/knowledge/overview.md","25ca75c93fbcef398c7ec7a201ece881f6f3a15f86cfc0a19a04b90a2c6dddbf"
"md","overview","tea","tea/workflows/testarch/bmad-testarch-trace/resources/knowledge/overview.md","25ca75c93fbcef398c7ec7a201ece881f6f3a15f86cfc0a19a04b90a2c6dddbf"
"md","pact-consumer-di","tea","tea/agents/bmad-tea/resources/knowledge/pact-consumer-di.md","c3883f65512dcebb78e611d9091fb8091f211b098685adb81719faefa365d793"
"md","pact-consumer-di","tea","tea/workflows/testarch/bmad-testarch-atdd/resources/knowledge/pact-consumer-di.md","c3883f65512dcebb78e611d9091fb8091f211b098685adb81719faefa365d793"
"md","pact-consumer-di","tea","tea/workflows/testarch/bmad-testarch-automate/resources/knowledge/pact-consumer-di.md","c3883f65512dcebb78e611d9091fb8091f211b098685adb81719faefa365d793"
"md","pact-consumer-di","tea","tea/workflows/testarch/bmad-testarch-ci/resources/knowledge/pact-consumer-di.md","c3883f65512dcebb78e611d9091fb8091f211b098685adb81719faefa365d793"
"md","pact-consumer-di","tea","tea/workflows/testarch/bmad-testarch-framework/resources/knowledge/pact-consumer-di.md","c3883f65512dcebb78e611d9091fb8091f211b098685adb81719faefa365d793"
"md","pact-consumer-di","tea","tea/workflows/testarch/bmad-testarch-nfr/resources/knowledge/pact-consumer-di.md","c3883f65512dcebb78e611d9091fb8091f211b098685adb81719faefa365d793"
"md","pact-consumer-di","tea","tea/workflows/testarch/bmad-testarch-test-design/resources/knowledge/pact-consumer-di.md","c3883f65512dcebb78e611d9091fb8091f211b098685adb81719faefa365d793"
"md","pact-consumer-di","tea","tea/workflows/testarch/bmad-testarch-test-review/resources/knowledge/pact-consumer-di.md","c3883f65512dcebb78e611d9091fb8091f211b098685adb81719faefa365d793"
"md","pact-consumer-di","tea","tea/workflows/testarch/bmad-testarch-trace/resources/knowledge/pact-consumer-di.md","c3883f65512dcebb78e611d9091fb8091f211b098685adb81719faefa365d793"
"md","pact-consumer-framework-setup","tea","tea/agents/bmad-tea/resources/knowledge/pact-consumer-framework-setup.md","ed317c633c81dfe18166a68b777e30cc0fd13e94d284e996bad4aa365ea3de43"
"md","pact-consumer-framework-setup","tea","tea/workflows/testarch/bmad-testarch-atdd/resources/knowledge/pact-consumer-framework-setup.md","ed317c633c81dfe18166a68b777e30cc0fd13e94d284e996bad4aa365ea3de43"
"md","pact-consumer-framework-setup","tea","tea/workflows/testarch/bmad-testarch-automate/resources/knowledge/pact-consumer-framework-setup.md","ed317c633c81dfe18166a68b777e30cc0fd13e94d284e996bad4aa365ea3de43"
"md","pact-consumer-framework-setup","tea","tea/workflows/testarch/bmad-testarch-ci/resources/knowledge/pact-consumer-framework-setup.md","ed317c633c81dfe18166a68b777e30cc0fd13e94d284e996bad4aa365ea3de43"
"md","pact-consumer-framework-setup","tea","tea/workflows/testarch/bmad-testarch-framework/resources/knowledge/pact-consumer-framework-setup.md","ed317c633c81dfe18166a68b777e30cc0fd13e94d284e996bad4aa365ea3de43"
"md","pact-consumer-framework-setup","tea","tea/workflows/testarch/bmad-testarch-nfr/resources/knowledge/pact-consumer-framework-setup.md","ed317c633c81dfe18166a68b777e30cc0fd13e94d284e996bad4aa365ea3de43"
"md","pact-consumer-framework-setup","tea","tea/workflows/testarch/bmad-testarch-test-design/resources/knowledge/pact-consumer-framework-setup.md","ed317c633c81dfe18166a68b777e30cc0fd13e94d284e996bad4aa365ea3de43"
"md","pact-consumer-framework-setup","tea","tea/workflows/testarch/bmad-testarch-test-review/resources/knowledge/pact-consumer-framework-setup.md","ed317c633c81dfe18166a68b777e30cc0fd13e94d284e996bad4aa365ea3de43"
"md","pact-consumer-framework-setup","tea","tea/workflows/testarch/bmad-testarch-trace/resources/knowledge/pact-consumer-framework-setup.md","ed317c633c81dfe18166a68b777e30cc0fd13e94d284e996bad4aa365ea3de43"
"md","pact-mcp","tea","tea/agents/bmad-tea/resources/knowledge/pact-mcp.md","c98b5bb74aa238af47aab8a00bee20afd25ceda7e50381ff4f18f6a91f9e6045"
"md","pact-mcp","tea","tea/workflows/testarch/bmad-testarch-atdd/resources/knowledge/pact-mcp.md","c98b5bb74aa238af47aab8a00bee20afd25ceda7e50381ff4f18f6a91f9e6045"
"md","pact-mcp","tea","tea/workflows/testarch/bmad-testarch-automate/resources/knowledge/pact-mcp.md","c98b5bb74aa238af47aab8a00bee20afd25ceda7e50381ff4f18f6a91f9e6045"
"md","pact-mcp","tea","tea/workflows/testarch/bmad-testarch-ci/resources/knowledge/pact-mcp.md","c98b5bb74aa238af47aab8a00bee20afd25ceda7e50381ff4f18f6a91f9e6045"
"md","pact-mcp","tea","tea/workflows/testarch/bmad-testarch-framework/resources/knowledge/pact-mcp.md","c98b5bb74aa238af47aab8a00bee20afd25ceda7e50381ff4f18f6a91f9e6045"
"md","pact-mcp","tea","tea/workflows/testarch/bmad-testarch-nfr/resources/knowledge/pact-mcp.md","c98b5bb74aa238af47aab8a00bee20afd25ceda7e50381ff4f18f6a91f9e6045"
"md","pact-mcp","tea","tea/workflows/testarch/bmad-testarch-test-design/resources/knowledge/pact-mcp.md","c98b5bb74aa238af47aab8a00bee20afd25ceda7e50381ff4f18f6a91f9e6045"
"md","pact-mcp","tea","tea/workflows/testarch/bmad-testarch-test-review/resources/knowledge/pact-mcp.md","c98b5bb74aa238af47aab8a00bee20afd25ceda7e50381ff4f18f6a91f9e6045"
"md","pact-mcp","tea","tea/workflows/testarch/bmad-testarch-trace/resources/knowledge/pact-mcp.md","c98b5bb74aa238af47aab8a00bee20afd25ceda7e50381ff4f18f6a91f9e6045"
"md","pactjs-utils-consumer-helpers","tea","tea/agents/bmad-tea/resources/knowledge/pactjs-utils-consumer-helpers.md","3923dc48fb0e58646c065b93746d860bebe5bbbdd2c84246b8ad483000db1673"
"md","pactjs-utils-consumer-helpers","tea","tea/workflows/testarch/bmad-testarch-atdd/resources/knowledge/pactjs-utils-consumer-helpers.md","3923dc48fb0e58646c065b93746d860bebe5bbbdd2c84246b8ad483000db1673"
"md","pactjs-utils-consumer-helpers","tea","tea/workflows/testarch/bmad-testarch-automate/resources/knowledge/pactjs-utils-consumer-helpers.md","3923dc48fb0e58646c065b93746d860bebe5bbbdd2c84246b8ad483000db1673"
"md","pactjs-utils-consumer-helpers","tea","tea/workflows/testarch/bmad-testarch-ci/resources/knowledge/pactjs-utils-consumer-helpers.md","3923dc48fb0e58646c065b93746d860bebe5bbbdd2c84246b8ad483000db1673"
"md","pactjs-utils-consumer-helpers","tea","tea/workflows/testarch/bmad-testarch-framework/resources/knowledge/pactjs-utils-consumer-helpers.md","3923dc48fb0e58646c065b93746d860bebe5bbbdd2c84246b8ad483000db1673"
"md","pactjs-utils-consumer-helpers","tea","tea/workflows/testarch/bmad-testarch-nfr/resources/knowledge/pactjs-utils-consumer-helpers.md","3923dc48fb0e58646c065b93746d860bebe5bbbdd2c84246b8ad483000db1673"
"md","pactjs-utils-consumer-helpers","tea","tea/workflows/testarch/bmad-testarch-test-design/resources/knowledge/pactjs-utils-consumer-helpers.md","3923dc48fb0e58646c065b93746d860bebe5bbbdd2c84246b8ad483000db1673"
"md","pactjs-utils-consumer-helpers","tea","tea/workflows/testarch/bmad-testarch-test-review/resources/knowledge/pactjs-utils-consumer-helpers.md","3923dc48fb0e58646c065b93746d860bebe5bbbdd2c84246b8ad483000db1673"
"md","pactjs-utils-consumer-helpers","tea","tea/workflows/testarch/bmad-testarch-trace/resources/knowledge/pactjs-utils-consumer-helpers.md","3923dc48fb0e58646c065b93746d860bebe5bbbdd2c84246b8ad483000db1673"
"md","pactjs-utils-overview","tea","tea/agents/bmad-tea/resources/knowledge/pactjs-utils-overview.md","64fcf26c2d5c7c183c8d7a83ed20d1f1857182724cfed5e92318dadb1b258584"
"md","pactjs-utils-overview","tea","tea/workflows/testarch/bmad-testarch-atdd/resources/knowledge/pactjs-utils-overview.md","64fcf26c2d5c7c183c8d7a83ed20d1f1857182724cfed5e92318dadb1b258584"
"md","pactjs-utils-overview","tea","tea/workflows/testarch/bmad-testarch-automate/resources/knowledge/pactjs-utils-overview.md","64fcf26c2d5c7c183c8d7a83ed20d1f1857182724cfed5e92318dadb1b258584"
"md","pactjs-utils-overview","tea","tea/workflows/testarch/bmad-testarch-ci/resources/knowledge/pactjs-utils-overview.md","64fcf26c2d5c7c183c8d7a83ed20d1f1857182724cfed5e92318dadb1b258584"
"md","pactjs-utils-overview","tea","tea/workflows/testarch/bmad-testarch-framework/resources/knowledge/pactjs-utils-overview.md","64fcf26c2d5c7c183c8d7a83ed20d1f1857182724cfed5e92318dadb1b258584"
"md","pactjs-utils-overview","tea","tea/workflows/testarch/bmad-testarch-nfr/resources/knowledge/pactjs-utils-overview.md","64fcf26c2d5c7c183c8d7a83ed20d1f1857182724cfed5e92318dadb1b258584"
"md","pactjs-utils-overview","tea","tea/workflows/testarch/bmad-testarch-test-design/resources/knowledge/pactjs-utils-overview.md","64fcf26c2d5c7c183c8d7a83ed20d1f1857182724cfed5e92318dadb1b258584"
"md","pactjs-utils-overview","tea","tea/workflows/testarch/bmad-testarch-test-review/resources/knowledge/pactjs-utils-overview.md","64fcf26c2d5c7c183c8d7a83ed20d1f1857182724cfed5e92318dadb1b258584"
"md","pactjs-utils-overview","tea","tea/workflows/testarch/bmad-testarch-trace/resources/knowledge/pactjs-utils-overview.md","64fcf26c2d5c7c183c8d7a83ed20d1f1857182724cfed5e92318dadb1b258584"
"md","pactjs-utils-provider-verifier","tea","tea/agents/bmad-tea/resources/knowledge/pactjs-utils-provider-verifier.md","ac3e0d6e3137f927fef822a33f33d03c78d0a1ccd950fbca93ef1ef9276c109c"
"md","pactjs-utils-provider-verifier","tea","tea/workflows/testarch/bmad-testarch-atdd/resources/knowledge/pactjs-utils-provider-verifier.md","ac3e0d6e3137f927fef822a33f33d03c78d0a1ccd950fbca93ef1ef9276c109c"
"md","pactjs-utils-provider-verifier","tea","tea/workflows/testarch/bmad-testarch-automate/resources/knowledge/pactjs-utils-provider-verifier.md","ac3e0d6e3137f927fef822a33f33d03c78d0a1ccd950fbca93ef1ef9276c109c"
"md","pactjs-utils-provider-verifier","tea","tea/workflows/testarch/bmad-testarch-ci/resources/knowledge/pactjs-utils-provider-verifier.md","ac3e0d6e3137f927fef822a33f33d03c78d0a1ccd950fbca93ef1ef9276c109c"
"md","pactjs-utils-provider-verifier","tea","tea/workflows/testarch/bmad-testarch-framework/resources/knowledge/pactjs-utils-provider-verifier.md","ac3e0d6e3137f927fef822a33f33d03c78d0a1ccd950fbca93ef1ef9276c109c"
"md","pactjs-utils-provider-verifier","tea","tea/workflows/testarch/bmad-testarch-nfr/resources/knowledge/pactjs-utils-provider-verifier.md","ac3e0d6e3137f927fef822a33f33d03c78d0a1ccd950fbca93ef1ef9276c109c"
"md","pactjs-utils-provider-verifier","tea","tea/workflows/testarch/bmad-testarch-test-design/resources/knowledge/pactjs-utils-provider-verifier.md","ac3e0d6e3137f927fef822a33f33d03c78d0a1ccd950fbca93ef1ef9276c109c"
"md","pactjs-utils-provider-verifier","tea","tea/workflows/testarch/bmad-testarch-test-review/resources/knowledge/pactjs-utils-provider-verifier.md","ac3e0d6e3137f927fef822a33f33d03c78d0a1ccd950fbca93ef1ef9276c109c"
"md","pactjs-utils-provider-verifier","tea","tea/workflows/testarch/bmad-testarch-trace/resources/knowledge/pactjs-utils-provider-verifier.md","ac3e0d6e3137f927fef822a33f33d03c78d0a1ccd950fbca93ef1ef9276c109c"
"md","pactjs-utils-request-filter","tea","tea/agents/bmad-tea/resources/knowledge/pactjs-utils-request-filter.md","6f900300880f2544511436fa68c24268b3b28e0498af6dc43c848047a3cbff18"
"md","pactjs-utils-request-filter","tea","tea/workflows/testarch/bmad-testarch-atdd/resources/knowledge/pactjs-utils-request-filter.md","6f900300880f2544511436fa68c24268b3b28e0498af6dc43c848047a3cbff18"
"md","pactjs-utils-request-filter","tea","tea/workflows/testarch/bmad-testarch-automate/resources/knowledge/pactjs-utils-request-filter.md","6f900300880f2544511436fa68c24268b3b28e0498af6dc43c848047a3cbff18"
"md","pactjs-utils-request-filter","tea","tea/workflows/testarch/bmad-testarch-ci/resources/knowledge/pactjs-utils-request-filter.md","6f900300880f2544511436fa68c24268b3b28e0498af6dc43c848047a3cbff18"
"md","pactjs-utils-request-filter","tea","tea/workflows/testarch/bmad-testarch-framework/resources/knowledge/pactjs-utils-request-filter.md","6f900300880f2544511436fa68c24268b3b28e0498af6dc43c848047a3cbff18"
"md","pactjs-utils-request-filter","tea","tea/workflows/testarch/bmad-testarch-nfr/resources/knowledge/pactjs-utils-request-filter.md","6f900300880f2544511436fa68c24268b3b28e0498af6dc43c848047a3cbff18"
"md","pactjs-utils-request-filter","tea","tea/workflows/testarch/bmad-testarch-test-design/resources/knowledge/pactjs-utils-request-filter.md","6f900300880f2544511436fa68c24268b3b28e0498af6dc43c848047a3cbff18"
"md","pactjs-utils-request-filter","tea","tea/workflows/testarch/bmad-testarch-test-review/resources/knowledge/pactjs-utils-request-filter.md","6f900300880f2544511436fa68c24268b3b28e0498af6dc43c848047a3cbff18"
"md","pactjs-utils-request-filter","tea","tea/workflows/testarch/bmad-testarch-trace/resources/knowledge/pactjs-utils-request-filter.md","6f900300880f2544511436fa68c24268b3b28e0498af6dc43c848047a3cbff18"
"md","playwright-cli","tea","tea/agents/bmad-tea/resources/knowledge/playwright-cli.md","f0aaff215a5da05d900c7f6d1eef70a3ea97637788ac37aadf5779ec24d91c09"
"md","playwright-cli","tea","tea/workflows/testarch/bmad-testarch-atdd/resources/knowledge/playwright-cli.md","f0aaff215a5da05d900c7f6d1eef70a3ea97637788ac37aadf5779ec24d91c09"
"md","playwright-cli","tea","tea/workflows/testarch/bmad-testarch-automate/resources/knowledge/playwright-cli.md","f0aaff215a5da05d900c7f6d1eef70a3ea97637788ac37aadf5779ec24d91c09"
"md","playwright-cli","tea","tea/workflows/testarch/bmad-testarch-ci/resources/knowledge/playwright-cli.md","f0aaff215a5da05d900c7f6d1eef70a3ea97637788ac37aadf5779ec24d91c09"
"md","playwright-cli","tea","tea/workflows/testarch/bmad-testarch-framework/resources/knowledge/playwright-cli.md","f0aaff215a5da05d900c7f6d1eef70a3ea97637788ac37aadf5779ec24d91c09"
"md","playwright-cli","tea","tea/workflows/testarch/bmad-testarch-nfr/resources/knowledge/playwright-cli.md","f0aaff215a5da05d900c7f6d1eef70a3ea97637788ac37aadf5779ec24d91c09"
"md","playwright-cli","tea","tea/workflows/testarch/bmad-testarch-test-design/resources/knowledge/playwright-cli.md","f0aaff215a5da05d900c7f6d1eef70a3ea97637788ac37aadf5779ec24d91c09"
"md","playwright-cli","tea","tea/workflows/testarch/bmad-testarch-test-review/resources/knowledge/playwright-cli.md","f0aaff215a5da05d900c7f6d1eef70a3ea97637788ac37aadf5779ec24d91c09"
"md","playwright-cli","tea","tea/workflows/testarch/bmad-testarch-trace/resources/knowledge/playwright-cli.md","f0aaff215a5da05d900c7f6d1eef70a3ea97637788ac37aadf5779ec24d91c09"
"md","playwright-config","tea","tea/agents/bmad-tea/resources/knowledge/playwright-config.md","6f7cbf42be005165f68d50090bf0e86227cd401b8e0119ad9e65e7cb2a05644e"
"md","playwright-config","tea","tea/workflows/testarch/bmad-testarch-atdd/resources/knowledge/playwright-config.md","6f7cbf42be005165f68d50090bf0e86227cd401b8e0119ad9e65e7cb2a05644e"
"md","playwright-config","tea","tea/workflows/testarch/bmad-testarch-automate/resources/knowledge/playwright-config.md","6f7cbf42be005165f68d50090bf0e86227cd401b8e0119ad9e65e7cb2a05644e"
"md","playwright-config","tea","tea/workflows/testarch/bmad-testarch-ci/resources/knowledge/playwright-config.md","6f7cbf42be005165f68d50090bf0e86227cd401b8e0119ad9e65e7cb2a05644e"
"md","playwright-config","tea","tea/workflows/testarch/bmad-testarch-framework/resources/knowledge/playwright-config.md","6f7cbf42be005165f68d50090bf0e86227cd401b8e0119ad9e65e7cb2a05644e"
"md","playwright-config","tea","tea/workflows/testarch/bmad-testarch-nfr/resources/knowledge/playwright-config.md","6f7cbf42be005165f68d50090bf0e86227cd401b8e0119ad9e65e7cb2a05644e"
"md","playwright-config","tea","tea/workflows/testarch/bmad-testarch-test-design/resources/knowledge/playwright-config.md","6f7cbf42be005165f68d50090bf0e86227cd401b8e0119ad9e65e7cb2a05644e"
"md","playwright-config","tea","tea/workflows/testarch/bmad-testarch-test-review/resources/knowledge/playwright-config.md","6f7cbf42be005165f68d50090bf0e86227cd401b8e0119ad9e65e7cb2a05644e"
"md","playwright-config","tea","tea/workflows/testarch/bmad-testarch-trace/resources/knowledge/playwright-config.md","6f7cbf42be005165f68d50090bf0e86227cd401b8e0119ad9e65e7cb2a05644e"
"md","probability-impact","tea","tea/agents/bmad-tea/resources/knowledge/probability-impact.md","446dba0caa1eb162734514f35366f8c38ed3666528b0b5e16c7f03fd3c537d0f"
"md","probability-impact","tea","tea/workflows/testarch/bmad-testarch-atdd/resources/knowledge/probability-impact.md","446dba0caa1eb162734514f35366f8c38ed3666528b0b5e16c7f03fd3c537d0f"
"md","probability-impact","tea","tea/workflows/testarch/bmad-testarch-automate/resources/knowledge/probability-impact.md","446dba0caa1eb162734514f35366f8c38ed3666528b0b5e16c7f03fd3c537d0f"
"md","probability-impact","tea","tea/workflows/testarch/bmad-testarch-ci/resources/knowledge/probability-impact.md","446dba0caa1eb162734514f35366f8c38ed3666528b0b5e16c7f03fd3c537d0f"
"md","probability-impact","tea","tea/workflows/testarch/bmad-testarch-framework/resources/knowledge/probability-impact.md","446dba0caa1eb162734514f35366f8c38ed3666528b0b5e16c7f03fd3c537d0f"
"md","probability-impact","tea","tea/workflows/testarch/bmad-testarch-nfr/resources/knowledge/probability-impact.md","446dba0caa1eb162734514f35366f8c38ed3666528b0b5e16c7f03fd3c537d0f"
"md","probability-impact","tea","tea/workflows/testarch/bmad-testarch-test-design/resources/knowledge/probability-impact.md","446dba0caa1eb162734514f35366f8c38ed3666528b0b5e16c7f03fd3c537d0f"
"md","probability-impact","tea","tea/workflows/testarch/bmad-testarch-test-review/resources/knowledge/probability-impact.md","446dba0caa1eb162734514f35366f8c38ed3666528b0b5e16c7f03fd3c537d0f"
"md","probability-impact","tea","tea/workflows/testarch/bmad-testarch-trace/resources/knowledge/probability-impact.md","446dba0caa1eb162734514f35366f8c38ed3666528b0b5e16c7f03fd3c537d0f"
"md","README","tea","tea/workflows/testarch/README.md","044c8c0207041e6f48eaca87a0b240f30dff8ed6d5253fd4f4f5e47d44825e86"
"md","recurse","tea","tea/agents/bmad-tea/resources/knowledge/recurse.md","7937897b8d8fd74ab647634fb549ba9344e86d39f9a705e8731a7531e51ad726"
"md","recurse","tea","tea/workflows/testarch/bmad-testarch-atdd/resources/knowledge/recurse.md","7937897b8d8fd74ab647634fb549ba9344e86d39f9a705e8731a7531e51ad726"
"md","recurse","tea","tea/workflows/testarch/bmad-testarch-automate/resources/knowledge/recurse.md","7937897b8d8fd74ab647634fb549ba9344e86d39f9a705e8731a7531e51ad726"
"md","recurse","tea","tea/workflows/testarch/bmad-testarch-ci/resources/knowledge/recurse.md","7937897b8d8fd74ab647634fb549ba9344e86d39f9a705e8731a7531e51ad726"
"md","recurse","tea","tea/workflows/testarch/bmad-testarch-framework/resources/knowledge/recurse.md","7937897b8d8fd74ab647634fb549ba9344e86d39f9a705e8731a7531e51ad726"
"md","recurse","tea","tea/workflows/testarch/bmad-testarch-nfr/resources/knowledge/recurse.md","7937897b8d8fd74ab647634fb549ba9344e86d39f9a705e8731a7531e51ad726"
"md","recurse","tea","tea/workflows/testarch/bmad-testarch-test-design/resources/knowledge/recurse.md","7937897b8d8fd74ab647634fb549ba9344e86d39f9a705e8731a7531e51ad726"
"md","recurse","tea","tea/workflows/testarch/bmad-testarch-test-review/resources/knowledge/recurse.md","7937897b8d8fd74ab647634fb549ba9344e86d39f9a705e8731a7531e51ad726"
"md","recurse","tea","tea/workflows/testarch/bmad-testarch-trace/resources/knowledge/recurse.md","7937897b8d8fd74ab647634fb549ba9344e86d39f9a705e8731a7531e51ad726"
"md","risk-governance","tea","tea/agents/bmad-tea/resources/knowledge/risk-governance.md","500482561420c9f2caad2eb92e5c503208adaa5ab952a317359556b3f11376f1"
"md","risk-governance","tea","tea/workflows/testarch/bmad-testarch-atdd/resources/knowledge/risk-governance.md","500482561420c9f2caad2eb92e5c503208adaa5ab952a317359556b3f11376f1"
"md","risk-governance","tea","tea/workflows/testarch/bmad-testarch-automate/resources/knowledge/risk-governance.md","500482561420c9f2caad2eb92e5c503208adaa5ab952a317359556b3f11376f1"
"md","risk-governance","tea","tea/workflows/testarch/bmad-testarch-ci/resources/knowledge/risk-governance.md","500482561420c9f2caad2eb92e5c503208adaa5ab952a317359556b3f11376f1"
"md","risk-governance","tea","tea/workflows/testarch/bmad-testarch-framework/resources/knowledge/risk-governance.md","500482561420c9f2caad2eb92e5c503208adaa5ab952a317359556b3f11376f1"
"md","risk-governance","tea","tea/workflows/testarch/bmad-testarch-nfr/resources/knowledge/risk-governance.md","500482561420c9f2caad2eb92e5c503208adaa5ab952a317359556b3f11376f1"
"md","risk-governance","tea","tea/workflows/testarch/bmad-testarch-test-design/resources/knowledge/risk-governance.md","500482561420c9f2caad2eb92e5c503208adaa5ab952a317359556b3f11376f1"
"md","risk-governance","tea","tea/workflows/testarch/bmad-testarch-test-review/resources/knowledge/risk-governance.md","500482561420c9f2caad2eb92e5c503208adaa5ab952a317359556b3f11376f1"
"md","risk-governance","tea","tea/workflows/testarch/bmad-testarch-trace/resources/knowledge/risk-governance.md","500482561420c9f2caad2eb92e5c503208adaa5ab952a317359556b3f11376f1"
"md","selective-testing","tea","tea/agents/bmad-tea/resources/knowledge/selective-testing.md","060651774648174fdbff0fe7b858bd81d7c3bce8ee5a53ed7c1ba56e4dd4bbe0"
"md","selective-testing","tea","tea/workflows/testarch/bmad-testarch-atdd/resources/knowledge/selective-testing.md","060651774648174fdbff0fe7b858bd81d7c3bce8ee5a53ed7c1ba56e4dd4bbe0"
"md","selective-testing","tea","tea/workflows/testarch/bmad-testarch-automate/resources/knowledge/selective-testing.md","060651774648174fdbff0fe7b858bd81d7c3bce8ee5a53ed7c1ba56e4dd4bbe0"
"md","selective-testing","tea","tea/workflows/testarch/bmad-testarch-ci/resources/knowledge/selective-testing.md","060651774648174fdbff0fe7b858bd81d7c3bce8ee5a53ed7c1ba56e4dd4bbe0"
"md","selective-testing","tea","tea/workflows/testarch/bmad-testarch-framework/resources/knowledge/selective-testing.md","060651774648174fdbff0fe7b858bd81d7c3bce8ee5a53ed7c1ba56e4dd4bbe0"
"md","selective-testing","tea","tea/workflows/testarch/bmad-testarch-nfr/resources/knowledge/selective-testing.md","060651774648174fdbff0fe7b858bd81d7c3bce8ee5a53ed7c1ba56e4dd4bbe0"
"md","selective-testing","tea","tea/workflows/testarch/bmad-testarch-test-design/resources/knowledge/selective-testing.md","060651774648174fdbff0fe7b858bd81d7c3bce8ee5a53ed7c1ba56e4dd4bbe0"
"md","selective-testing","tea","tea/workflows/testarch/bmad-testarch-test-review/resources/knowledge/selective-testing.md","060651774648174fdbff0fe7b858bd81d7c3bce8ee5a53ed7c1ba56e4dd4bbe0"
"md","selective-testing","tea","tea/workflows/testarch/bmad-testarch-trace/resources/knowledge/selective-testing.md","060651774648174fdbff0fe7b858bd81d7c3bce8ee5a53ed7c1ba56e4dd4bbe0"
"md","selector-resilience","tea","tea/agents/bmad-tea/resources/knowledge/selector-resilience.md","a55c25a340f1cd10811802665754a3f4eab0c82868fea61fea9cc61aa47ac179"
"md","selector-resilience","tea","tea/workflows/testarch/bmad-testarch-atdd/resources/knowledge/selector-resilience.md","a55c25a340f1cd10811802665754a3f4eab0c82868fea61fea9cc61aa47ac179"
"md","selector-resilience","tea","tea/workflows/testarch/bmad-testarch-automate/resources/knowledge/selector-resilience.md","a55c25a340f1cd10811802665754a3f4eab0c82868fea61fea9cc61aa47ac179"
"md","selector-resilience","tea","tea/workflows/testarch/bmad-testarch-ci/resources/knowledge/selector-resilience.md","a55c25a340f1cd10811802665754a3f4eab0c82868fea61fea9cc61aa47ac179"
"md","selector-resilience","tea","tea/workflows/testarch/bmad-testarch-framework/resources/knowledge/selector-resilience.md","a55c25a340f1cd10811802665754a3f4eab0c82868fea61fea9cc61aa47ac179"
"md","selector-resilience","tea","tea/workflows/testarch/bmad-testarch-nfr/resources/knowledge/selector-resilience.md","a55c25a340f1cd10811802665754a3f4eab0c82868fea61fea9cc61aa47ac179"
"md","selector-resilience","tea","tea/workflows/testarch/bmad-testarch-test-design/resources/knowledge/selector-resilience.md","a55c25a340f1cd10811802665754a3f4eab0c82868fea61fea9cc61aa47ac179"
"md","selector-resilience","tea","tea/workflows/testarch/bmad-testarch-test-review/resources/knowledge/selector-resilience.md","a55c25a340f1cd10811802665754a3f4eab0c82868fea61fea9cc61aa47ac179"
"md","selector-resilience","tea","tea/workflows/testarch/bmad-testarch-trace/resources/knowledge/selector-resilience.md","a55c25a340f1cd10811802665754a3f4eab0c82868fea61fea9cc61aa47ac179"
"md","session-notes-template","tea","tea/workflows/testarch/bmad-teach-me-testing/templates/session-notes-template.md","bdcc8dac35ed5ce2c7a95ab0fd55b2dfa27e3173ed1f5d78e44f8755514e1c70"
"md","SKILL","tea","tea/agents/bmad-tea/SKILL.md","6304777d6af2f8a8c9dcaa0914688eaf9b4e3202c3b77b428d28cdd5d1c522fd"
"md","SKILL","tea","tea/workflows/testarch/bmad-teach-me-testing/SKILL.md","1ae9a9e31257ce5fd96db671790b210889a96b51d8e3b52fe1595e1d30e1af40"
"md","SKILL","tea","tea/workflows/testarch/bmad-testarch-atdd/SKILL.md","e35f3f853bfec58d1b04f00a687c54921d19495e6b2045c9b21a10d651d5565b"
"md","SKILL","tea","tea/workflows/testarch/bmad-testarch-automate/SKILL.md","9f48ff94935c6c46c91a2581f5ce488294faa0cc3c2df68d96d8df127c414579"
"md","SKILL","tea","tea/workflows/testarch/bmad-testarch-ci/SKILL.md","bfc0ce37f12b9b699d3613bfcc8a05330a4f8f0eb583518a1fb3db0fd0da7c9a"
"md","SKILL","tea","tea/workflows/testarch/bmad-testarch-framework/SKILL.md","09cce11e802bc4f8eb88301ecddf8ee1517dc956145f525d2c31a09fd3138c4c"
"md","SKILL","tea","tea/workflows/testarch/bmad-testarch-nfr/SKILL.md","fd94d3eb73af74b7ebc76d5309835783eb964e0828b96b49dce5af4efd2014ff"
"md","SKILL","tea","tea/workflows/testarch/bmad-testarch-test-design/SKILL.md","e7c6e3357e048e41631a52d00427866cfd7407ff2ad885ffb02a1316243655c5"
"md","SKILL","tea","tea/workflows/testarch/bmad-testarch-test-review/SKILL.md","8695616858418510b59b6876b3d9cf72240ee035af36d6c55543bc3ba8414b51"
"md","SKILL","tea","tea/workflows/testarch/bmad-testarch-trace/SKILL.md","2bea8f5abd934499f99b36c2790142d001121333c24aba72bbbc460901f46ae0"
"md","step-01-assess","tea","tea/workflows/testarch/bmad-testarch-atdd/steps-e/step-01-assess.md","a98e5d250cd980cbe6bdc33682763512622eee8db3610d42f85e621df6eecf2d"
"md","step-01-assess","tea","tea/workflows/testarch/bmad-testarch-automate/steps-e/step-01-assess.md","a98e5d250cd980cbe6bdc33682763512622eee8db3610d42f85e621df6eecf2d"
"md","step-01-assess","tea","tea/workflows/testarch/bmad-testarch-ci/steps-e/step-01-assess.md","a98e5d250cd980cbe6bdc33682763512622eee8db3610d42f85e621df6eecf2d"
"md","step-01-assess","tea","tea/workflows/testarch/bmad-testarch-framework/steps-e/step-01-assess.md","a98e5d250cd980cbe6bdc33682763512622eee8db3610d42f85e621df6eecf2d"
"md","step-01-assess","tea","tea/workflows/testarch/bmad-testarch-nfr/steps-e/step-01-assess.md","a98e5d250cd980cbe6bdc33682763512622eee8db3610d42f85e621df6eecf2d"
"md","step-01-assess","tea","tea/workflows/testarch/bmad-testarch-test-design/steps-e/step-01-assess.md","a98e5d250cd980cbe6bdc33682763512622eee8db3610d42f85e621df6eecf2d"
"md","step-01-assess","tea","tea/workflows/testarch/bmad-testarch-test-review/steps-e/step-01-assess.md","a98e5d250cd980cbe6bdc33682763512622eee8db3610d42f85e621df6eecf2d"
"md","step-01-assess","tea","tea/workflows/testarch/bmad-testarch-trace/steps-e/step-01-assess.md","a98e5d250cd980cbe6bdc33682763512622eee8db3610d42f85e621df6eecf2d"
"md","step-01-detect-mode","tea","tea/workflows/testarch/bmad-testarch-test-design/steps-c/step-01-detect-mode.md","48696d5760479dd78b9f45e6e87721acef95e54c3aee2e618f6bb485f05a74c6"
"md","step-01-init","tea","tea/workflows/testarch/bmad-teach-me-testing/steps-c/step-01-init.md","9a4ac8b773ebf75653d648d668a58c21d7e8ebae979e1dfd1a04e1bafb2eeaa9"
"md","step-01-load-context","tea","tea/workflows/testarch/bmad-testarch-nfr/steps-c/step-01-load-context.md","78f6343ed098688e564d6f2091dddf44de199bfdce80bc09c84f91df59b6bb18"
"md","step-01-load-context","tea","tea/workflows/testarch/bmad-testarch-test-review/steps-c/step-01-load-context.md","5d78abf8a89e318c4e8489de98331ef2a5978f0a067c9de463bbe0df8852a465"
"md","step-01-load-context","tea","tea/workflows/testarch/bmad-testarch-trace/steps-c/step-01-load-context.md","b3ab879f0b445971d2d72dfe6fd6c7fa337847f5601e572c8611a814dfe54641"
"md","step-01-preflight","tea","tea/workflows/testarch/bmad-testarch-ci/steps-c/step-01-preflight.md","fbff84d7fb1680a7b887fb8c1874cf5dbdeec3a200b8746cc9681d65ce692277"
"md","step-01-preflight","tea","tea/workflows/testarch/bmad-testarch-framework/steps-c/step-01-preflight.md","df7d70e9feac8df36fb89b449545fca6b739700e23f696b582c9d90122feba33"
"md","step-01-preflight-and-context","tea","tea/workflows/testarch/bmad-testarch-atdd/steps-c/step-01-preflight-and-context.md","8003cb8d77cbec4adcbf7fdb67e9089156a8914aa84dddbd09f68009e6608ad5"
"md","step-01-preflight-and-context","tea","tea/workflows/testarch/bmad-testarch-automate/steps-c/step-01-preflight-and-context.md","5b4184a608089d3b1ff88a4147c85b7b2a82dfeb193bee1f63de275ac636025e"
"md","step-01-validate","tea","tea/workflows/testarch/bmad-testarch-atdd/steps-v/step-01-validate.md","b9951eb60134b511fb26a0af757b8c89fbbe4a6fc9620cfbae6b74cb9d312da5"
"md","step-01-validate","tea","tea/workflows/testarch/bmad-testarch-automate/steps-v/step-01-validate.md","f0044d7db87235d5814ae02217bff4e9cfe6b4457a37917e31c48d04be3b765d"
"md","step-01-validate","tea","tea/workflows/testarch/bmad-testarch-ci/steps-v/step-01-validate.md","fd26ab264a9fa937bc94f99327d1ecfa9977b6ebc99aec90d7354fbcaf22188c"
"md","step-01-validate","tea","tea/workflows/testarch/bmad-testarch-framework/steps-v/step-01-validate.md","63a16923831596800fd4dd7c7bb3aefe1cd11dcf1caa6c822fdc4ec9df8f7926"
"md","step-01-validate","tea","tea/workflows/testarch/bmad-testarch-nfr/steps-v/step-01-validate.md","f6115af429f6e1ad012dce12fb9692b471f5245340060f00e85c5830c716c2c1"
"md","step-01-validate","tea","tea/workflows/testarch/bmad-testarch-test-design/steps-v/step-01-validate.md","34885b7d44716847b7e349520a5f14dcbaea2c330b53c4062892e436ca23be96"
"md","step-01-validate","tea","tea/workflows/testarch/bmad-testarch-test-review/steps-v/step-01-validate.md","4bf0c205961ba0aa642efee9cd5d8234284b158ebf1ab17b47963a7695d6f815"
"md","step-01-validate","tea","tea/workflows/testarch/bmad-testarch-trace/steps-v/step-01-validate.md","5b024f898b7665a0d53976a045aa99d0ea95089fd368bc3149b48bc48866a4ed"
"md","step-01b-continue","tea","tea/workflows/testarch/bmad-teach-me-testing/steps-c/step-01b-continue.md","6640cc4b88a8c52655491546fedd4e41396e81ec1f635ce8679f96a350921537"
"md","step-01b-resume","tea","tea/workflows/testarch/bmad-testarch-atdd/steps-c/step-01b-resume.md","029818d17dce00980da53768cc2e82720fba35591714853887f0e51198b99f13"
"md","step-01b-resume","tea","tea/workflows/testarch/bmad-testarch-automate/steps-c/step-01b-resume.md","60153862c91240326628d85284357dbd7688636b43c5a04c00a96926aeb71d3b"
"md","step-01b-resume","tea","tea/workflows/testarch/bmad-testarch-ci/steps-c/step-01b-resume.md","b1e63561bfc0808481e6c408c94d4c1fcf12e0b204c8a9d9d0974040ab65d02d"
"md","step-01b-resume","tea","tea/workflows/testarch/bmad-testarch-framework/steps-c/step-01b-resume.md","c9e5bffd9fa15d28089442b960e3fb6c72a2f04c6cae911378d7362af9b77296"
"md","step-01b-resume","tea","tea/workflows/testarch/bmad-testarch-nfr/steps-c/step-01b-resume.md","4db8d8f53e0e42023971c9175e65d85fc936bbf77165e81c09e79f0e80db120a"
"md","step-01b-resume","tea","tea/workflows/testarch/bmad-testarch-test-design/steps-c/step-01b-resume.md","b4eeb6b1687a5a94bef7c8b9492b1ff3e0c6a7ee57e6a04b19229d32044effd0"
"md","step-01b-resume","tea","tea/workflows/testarch/bmad-testarch-test-review/steps-c/step-01b-resume.md","eea2c5d20b738ee20d182632ba60eda3af524421f5eeded7a06ad9adb5dff44c"
"md","step-01b-resume","tea","tea/workflows/testarch/bmad-testarch-trace/steps-c/step-01b-resume.md","4d589f5b86d5c2766e59e9b5ad1bddef1cf3cb815aeffb4b6bf3b004f5b2c141"
"md","step-02-apply-edit","tea","tea/workflows/testarch/bmad-testarch-atdd/steps-e/step-02-apply-edit.md","053a6c2c2a7605a0fb942e2f72c0a52e46eab993cf100883a3f40d2eb271b612"
"md","step-02-apply-edit","tea","tea/workflows/testarch/bmad-testarch-automate/steps-e/step-02-apply-edit.md","053a6c2c2a7605a0fb942e2f72c0a52e46eab993cf100883a3f40d2eb271b612"
"md","step-02-apply-edit","tea","tea/workflows/testarch/bmad-testarch-ci/steps-e/step-02-apply-edit.md","053a6c2c2a7605a0fb942e2f72c0a52e46eab993cf100883a3f40d2eb271b612"
"md","step-02-apply-edit","tea","tea/workflows/testarch/bmad-testarch-framework/steps-e/step-02-apply-edit.md","053a6c2c2a7605a0fb942e2f72c0a52e46eab993cf100883a3f40d2eb271b612"
"md","step-02-apply-edit","tea","tea/workflows/testarch/bmad-testarch-nfr/steps-e/step-02-apply-edit.md","053a6c2c2a7605a0fb942e2f72c0a52e46eab993cf100883a3f40d2eb271b612"
"md","step-02-apply-edit","tea","tea/workflows/testarch/bmad-testarch-test-design/steps-e/step-02-apply-edit.md","053a6c2c2a7605a0fb942e2f72c0a52e46eab993cf100883a3f40d2eb271b612"
"md","step-02-apply-edit","tea","tea/workflows/testarch/bmad-testarch-test-review/steps-e/step-02-apply-edit.md","053a6c2c2a7605a0fb942e2f72c0a52e46eab993cf100883a3f40d2eb271b612"
"md","step-02-apply-edit","tea","tea/workflows/testarch/bmad-testarch-trace/steps-e/step-02-apply-edit.md","053a6c2c2a7605a0fb942e2f72c0a52e46eab993cf100883a3f40d2eb271b612"
"md","step-02-assess","tea","tea/workflows/testarch/bmad-teach-me-testing/steps-c/step-02-assess.md","21a2f9f2ef55cc191ccf840cc25df325b21b339244d8ab7dd5649dd3d3b33878"
"md","step-02-define-thresholds","tea","tea/workflows/testarch/bmad-testarch-nfr/steps-c/step-02-define-thresholds.md","1884465177bc20061a4ffbd3e61701b160ad79a49eec1038e2b55e15edbe1e34"
"md","step-02-discover-tests","tea","tea/workflows/testarch/bmad-testarch-test-review/steps-c/step-02-discover-tests.md","bbf4a1021a56e5b9aefced1202c92329ad13da42305ae488057f6d90c5fcbd37"
"md","step-02-discover-tests","tea","tea/workflows/testarch/bmad-testarch-trace/steps-c/step-02-discover-tests.md","7e9b87ac2a870b075eab8e03c3ebb07f03b7cd458c3dbdef1502078b29d3df36"
"md","step-02-generate-pipeline","tea","tea/workflows/testarch/bmad-testarch-ci/steps-c/step-02-generate-pipeline.md","2f5bfee132216a8cce9d1907dbbbdd54e4f4cbac6cd4830ea4a9dff5473739e5"
"md","step-02-generation-mode","tea","tea/workflows/testarch/bmad-testarch-atdd/steps-c/step-02-generation-mode.md","2fa9c59ecba5b9bf0c793d408d8827c6ff06478394d5220fddadc88834061c72"
"md","step-02-identify-targets","tea","tea/workflows/testarch/bmad-testarch-automate/steps-c/step-02-identify-targets.md","a03c8c759a184bef4f9cede1ec193ad7ef63eac4dbf1468303c1799c36dad9b4"
"md","step-02-load-context","tea","tea/workflows/testarch/bmad-testarch-test-design/steps-c/step-02-load-context.md","067fe6ced3ff94110d2628474d907e1b1735740a364348996e4d5a5fe9941291"
"md","step-02-select-framework","tea","tea/workflows/testarch/bmad-testarch-framework/steps-c/step-02-select-framework.md","0ab007159ec56a5ea42cb3de56b4456daf660e5f9bdc73cf9e4fd4e650ebe782"
"md","step-03-configure-quality-gates","tea","tea/workflows/testarch/bmad-testarch-ci/steps-c/step-03-configure-quality-gates.md","5fe88e886e9630561a7ed0b1c7cff5fbb490426a06e6ca52bb46d5a53b82e883"
"md","step-03-gather-evidence","tea","tea/workflows/testarch/bmad-testarch-nfr/steps-c/step-03-gather-evidence.md","9b74446085e31d5113dcbfc0f1f14854099faa269df70e0fbbcf5be2f94c7ed6"
"md","step-03-generate-tests","tea","tea/workflows/testarch/bmad-testarch-automate/steps-c/step-03-generate-tests.md","dea229e40e2c2c1ecd9eba16a4b1f3836b13c165ed54ed266624bf3217ee62be"
"md","step-03-map-criteria","tea","tea/workflows/testarch/bmad-testarch-trace/steps-c/step-03-map-criteria.md","8459317d5db9ca972b4892b85698ee4edd521902a098344e692c6d9bcc18a704"
"md","step-03-quality-evaluation","tea","tea/workflows/testarch/bmad-testarch-test-review/steps-c/step-03-quality-evaluation.md","706f114f1e13e824c55ae1620086103c89121ad155ca911ab1530832e972b86e"
"md","step-03-risk-and-testability","tea","tea/workflows/testarch/bmad-testarch-test-design/steps-c/step-03-risk-and-testability.md","6bd73e152520edb7ac302dbbbb015829ed82fbff135a5d1d5ef1b961ae8ffece"
"md","step-03-scaffold-framework","tea","tea/workflows/testarch/bmad-testarch-framework/steps-c/step-03-scaffold-framework.md","b811ac86b779eb88801dc769cbffc5648cd0f3780d62200a9753a31dd0befcd2"
"md","step-03-session-menu","tea","tea/workflows/testarch/bmad-teach-me-testing/steps-c/step-03-session-menu.md","683a2d110f1787f90a660f493e8a1b487afb0a1ed647408b02fb36e803098c44"
"md","step-03-test-strategy","tea","tea/workflows/testarch/bmad-testarch-atdd/steps-c/step-03-test-strategy.md","7bf8961677a75612b2be69e9a91d908fb5cc68d73dadff77f1012a321b871508"
"md","step-03a-subagent-api","tea","tea/workflows/testarch/bmad-testarch-automate/steps-c/step-03a-subagent-api.md","a7aa0bdb6b30cb7a8a7b2d765613d9d0f254dfab38be8a850b44c23de93fc450"
"md","step-03a-subagent-determinism","tea","tea/workflows/testarch/bmad-testarch-test-review/steps-c/step-03a-subagent-determinism.md","71453f12d90ab17082249bf70321ce7abb4b1d6dc34c60c911400a8e34bc4089"
"md","step-03b-subagent-backend","tea","tea/workflows/testarch/bmad-testarch-automate/steps-c/step-03b-subagent-backend.md","467714d0a7a917fbc208afbcf70bcd2b7dd4db452e05f2c2c37a5b2e41ffe36c"
"md","step-03b-subagent-e2e","tea","tea/workflows/testarch/bmad-testarch-automate/steps-c/step-03b-subagent-e2e.md","3ef39eb7afbe4fbdcd6fe0f1f5c308ffe0fc1faaad7c20f4afba63f8143789a7"
"md","step-03b-subagent-isolation","tea","tea/workflows/testarch/bmad-testarch-test-review/steps-c/step-03b-subagent-isolation.md","67326e3f4a8f9649e02be6c96dabedbd189c4018529d05db83127c17043e68e7"
"md","step-03c-aggregate","tea","tea/workflows/testarch/bmad-testarch-automate/steps-c/step-03c-aggregate.md","6dcb874da7a06eca5598e426bade0ce8bf9edfcdff6d65bd4806224fa9a9d0a7"
"md","step-03c-subagent-maintainability","tea","tea/workflows/testarch/bmad-testarch-test-review/steps-c/step-03c-subagent-maintainability.md","40608ac2fd47e712160ce44924c9e318842d82aeaec155583aa95723716dc0ba"
"md","step-03e-subagent-performance","tea","tea/workflows/testarch/bmad-testarch-test-review/steps-c/step-03e-subagent-performance.md","94dcbe45080218fe07e6c2d7452e4223c9bcb774e107ac84b0332bfca996c915"
"md","step-03f-aggregate-scores","tea","tea/workflows/testarch/bmad-testarch-test-review/steps-c/step-03f-aggregate-scores.md","5a4f6bf6159a7618b9b6c2eb892f4986e886d25a262d8e66512579b0a656b7cb"
"md","step-04-analyze-gaps","tea","tea/workflows/testarch/bmad-testarch-trace/steps-c/step-04-analyze-gaps.md","159cd6f123d21c5878ec38b14a4a6ccc0aa52b0775681363870219fe00b7e2b4"
"md","step-04-coverage-plan","tea","tea/workflows/testarch/bmad-testarch-test-design/steps-c/step-04-coverage-plan.md","2d6d9b2dce0371d3269a0f9987a40daefce228a3febce226b9f5563ab2e1b32c"
"md","step-04-docs-and-scripts","tea","tea/workflows/testarch/bmad-testarch-framework/steps-c/step-04-docs-and-scripts.md","c6c4fe85650286744422c4ffb9184494528aef28a86d72020ac598e20b66d51d"
"md","step-04-evaluate-and-score","tea","tea/workflows/testarch/bmad-testarch-nfr/steps-c/step-04-evaluate-and-score.md","69ad31112822fbbb1c6b7d00d956ca54ba97b7297e5074f4ee36e66b68c4e56e"
"md","step-04-generate-report","tea","tea/workflows/testarch/bmad-testarch-test-review/steps-c/step-04-generate-report.md","b475dc9300a9ddde6c6f5ddb1219df094f3a766e4540bb1462c04c7ef1ce4990"
"md","step-04-generate-tests","tea","tea/workflows/testarch/bmad-testarch-atdd/steps-c/step-04-generate-tests.md","ed4a5ef22792799a492109340248489dacb0869b70e7c7e8ed871d427f791ef2"
"md","step-04-session-01","tea","tea/workflows/testarch/bmad-teach-me-testing/steps-c/step-04-session-01.md","c8eb503959f312ef948e48f60de41eced7ba3bfa3a6ddd12204568d86dbf145b"
"md","step-04-session-02","tea","tea/workflows/testarch/bmad-teach-me-testing/steps-c/step-04-session-02.md","a4081fca2bbb9b3fc06f83006b2ec6394fcdea018be2cdff6589ac4cc2c8a6f9"
"md","step-04-session-03","tea","tea/workflows/testarch/bmad-teach-me-testing/steps-c/step-04-session-03.md","729a7193128f6bad23b7da0f0893c7f78f08057d6fed30ddf339700b22b5e78e"
"md","step-04-session-04","tea","tea/workflows/testarch/bmad-teach-me-testing/steps-c/step-04-session-04.md","4fb21909bdb382b3964723d9aa02442c588f74006fddc14a28d7dc133bc6f2dc"
"md","step-04-session-05","tea","tea/workflows/testarch/bmad-teach-me-testing/steps-c/step-04-session-05.md","abad9591931c5d39e4f9c0a5d1c0688c8b8b0891e5e20bebebbcea45db802dc2"
"md","step-04-session-06","tea","tea/workflows/testarch/bmad-teach-me-testing/steps-c/step-04-session-06.md","03ef83440e4fb0f0d11dfc884d1f88016fef213edf7db9e72ba6d469283cb8af"
"md","step-04-session-07","tea","tea/workflows/testarch/bmad-teach-me-testing/steps-c/step-04-session-07.md","5b2c7907372ea8daf8975e6e2e0beb4cf876f78be308fad03aed165509bcc9f7"
"md","step-04-validate-and-summarize","tea","tea/workflows/testarch/bmad-testarch-automate/steps-c/step-04-validate-and-summarize.md","2826e30ac9b288483e7d33bf9beb9f1e970ad1b248d8ea0c80712eee3efa309e"
"md","step-04-validate-and-summary","tea","tea/workflows/testarch/bmad-testarch-ci/steps-c/step-04-validate-and-summary.md","60e0b7ba72a5ae0c2d20d78800f5b355b7d075798a8c26114315b928aa273cac"
"md","step-04a-subagent-api-failing","tea","tea/workflows/testarch/bmad-testarch-atdd/steps-c/step-04a-subagent-api-failing.md","9bdf8102b1dc0c388461043554fcf59c461af51d14fd709f21b26d7384bc82b1"
"md","step-04a-subagent-security","tea","tea/workflows/testarch/bmad-testarch-nfr/steps-c/step-04a-subagent-security.md","5937d1ae8f60789609577e023803aba78bbce631b53e0981b319ec4786e63527"
"md","step-04b-subagent-e2e-failing","tea","tea/workflows/testarch/bmad-testarch-atdd/steps-c/step-04b-subagent-e2e-failing.md","3fc97f9defee8a64ebba2c5ebaa758e09810a632d04d065879932afc67e609a3"
"md","step-04b-subagent-performance","tea","tea/workflows/testarch/bmad-testarch-nfr/steps-c/step-04b-subagent-performance.md","0198f7582e8ca357d781c039720ae0b986b8dec0ab2f43214969822331ad6229"
"md","step-04c-aggregate","tea","tea/workflows/testarch/bmad-testarch-atdd/steps-c/step-04c-aggregate.md","0b3a97471c7683c6b6797db232a52a59c7f7ddad80eeafcf0d5ee4423a59a04e"
"md","step-04c-subagent-reliability","tea","tea/workflows/testarch/bmad-testarch-nfr/steps-c/step-04c-subagent-reliability.md","5d3a84eb3097458b74747edaaf93b8ac2ecefdb9f626189cf1a520a9d2f76696"
"md","step-04d-subagent-scalability","tea","tea/workflows/testarch/bmad-testarch-nfr/steps-c/step-04d-subagent-scalability.md","8a069d3377e5018f2b7ca8b142788e0da76c81b4b56af2eb380d9338e9673b45"
"md","step-04e-aggregate-nfr","tea","tea/workflows/testarch/bmad-testarch-nfr/steps-c/step-04e-aggregate-nfr.md","109e0977a95571639512a2b0fdbd28262ce4a6d0f203daa56c9630aa0066a82e"
"md","step-05-completion","tea","tea/workflows/testarch/bmad-teach-me-testing/steps-c/step-05-completion.md","00811833aac297a64d0a1117c2a193e4a98325439bf005982ba8259db9e12f40"
"md","step-05-gate-decision","tea","tea/workflows/testarch/bmad-testarch-trace/steps-c/step-05-gate-decision.md","22fd5abf5e4e378fabdfb9738e744bccb6477a37af67f3e33bb0c9c3769d5b5c"
"md","step-05-generate-output","tea","tea/workflows/testarch/bmad-testarch-test-design/steps-c/step-05-generate-output.md","652d7e6604df8d71efd08a31e66bd815bbe0fbdcc4e2ade72585b07b1bbe1bcf"
"md","step-05-generate-report","tea","tea/workflows/testarch/bmad-testarch-nfr/steps-c/step-05-generate-report.md","28246c1b3b25364090d7387bea500cd62eab86dfc937cd9f6dbc40326871fb0d"
"md","step-05-validate-and-complete","tea","tea/workflows/testarch/bmad-testarch-atdd/steps-c/step-05-validate-and-complete.md","b5b10be0212b3c7c7ee46206b4b83cd960ad291d377b6e3f8e68960a0c2d5560"
"md","step-05-validate-and-summary","tea","tea/workflows/testarch/bmad-testarch-framework/steps-c/step-05-validate-and-summary.md","8e3c857159a4af0223b3d0a7f58d4db84b330fab9e1124bd6c084fc656155e59"
"md","step-e-01-assess-workflow","tea","tea/workflows/testarch/bmad-teach-me-testing/steps-e/step-e-01-assess-workflow.md","b7b3cc8d845b79e9ef81d8c835f63bcbedc930396c0cab49a946dff1b6819e7a"
"md","step-e-02-apply-edits","tea","tea/workflows/testarch/bmad-teach-me-testing/steps-e/step-e-02-apply-edits.md","081679a34b6c02804d77156866ba9d41e1dd2952a902314b4937863ce874f27d"
"md","step-v-01-validate","tea","tea/workflows/testarch/bmad-teach-me-testing/steps-v/step-v-01-validate.md","b33a9eaac964dbe08d10ff15744f40b8118edc69844c856d4f80b9ba2da77865"
"md","test-design-architecture-template","tea","tea/workflows/testarch/bmad-testarch-test-design/test-design-architecture-template.md","39100455791354f6fb61205d096214b55f7db88c97ab5d67784f7c9b4f25238d"
"md","test-design-handoff-template","tea","tea/workflows/testarch/bmad-testarch-test-design/test-design-handoff-template.md","ce1dd24dd95244e4a511bef74a3a7cb10e5620a3a137195a31608f81ac7e7b1b"
"md","test-design-qa-template","tea","tea/workflows/testarch/bmad-testarch-test-design/test-design-qa-template.md","5019b61a292de65f63937c3083c30e435c0e6c35c7f0dc6d4a7a576b65940191"
"md","test-design-template","tea","tea/workflows/testarch/bmad-testarch-test-design/test-design-template.md","94b4e821cb3007b5d5d236a57671025d1edb3b47d3c07f96403204fa1bf2aa3d"
"md","test-healing-patterns","tea","tea/agents/bmad-tea/resources/knowledge/test-healing-patterns.md","b44f7db1ebb1c20ca4ef02d12cae95f692876aee02689605d4b15fe728d28fdf"
"md","test-healing-patterns","tea","tea/workflows/testarch/bmad-testarch-atdd/resources/knowledge/test-healing-patterns.md","b44f7db1ebb1c20ca4ef02d12cae95f692876aee02689605d4b15fe728d28fdf"
"md","test-healing-patterns","tea","tea/workflows/testarch/bmad-testarch-automate/resources/knowledge/test-healing-patterns.md","b44f7db1ebb1c20ca4ef02d12cae95f692876aee02689605d4b15fe728d28fdf"
"md","test-healing-patterns","tea","tea/workflows/testarch/bmad-testarch-ci/resources/knowledge/test-healing-patterns.md","b44f7db1ebb1c20ca4ef02d12cae95f692876aee02689605d4b15fe728d28fdf"
"md","test-healing-patterns","tea","tea/workflows/testarch/bmad-testarch-framework/resources/knowledge/test-healing-patterns.md","b44f7db1ebb1c20ca4ef02d12cae95f692876aee02689605d4b15fe728d28fdf"
"md","test-healing-patterns","tea","tea/workflows/testarch/bmad-testarch-nfr/resources/knowledge/test-healing-patterns.md","b44f7db1ebb1c20ca4ef02d12cae95f692876aee02689605d4b15fe728d28fdf"
"md","test-healing-patterns","tea","tea/workflows/testarch/bmad-testarch-test-design/resources/knowledge/test-healing-patterns.md","b44f7db1ebb1c20ca4ef02d12cae95f692876aee02689605d4b15fe728d28fdf"
"md","test-healing-patterns","tea","tea/workflows/testarch/bmad-testarch-test-review/resources/knowledge/test-healing-patterns.md","b44f7db1ebb1c20ca4ef02d12cae95f692876aee02689605d4b15fe728d28fdf"
"md","test-healing-patterns","tea","tea/workflows/testarch/bmad-testarch-trace/resources/knowledge/test-healing-patterns.md","b44f7db1ebb1c20ca4ef02d12cae95f692876aee02689605d4b15fe728d28fdf"
"md","test-levels-framework","tea","tea/agents/bmad-tea/resources/knowledge/test-levels-framework.md","80bbac7959a47a2e7e7de82613296f906954d571d2d64ece13381c1a0b480237"
"md","test-levels-framework","tea","tea/workflows/testarch/bmad-testarch-atdd/resources/knowledge/test-levels-framework.md","80bbac7959a47a2e7e7de82613296f906954d571d2d64ece13381c1a0b480237"
"md","test-levels-framework","tea","tea/workflows/testarch/bmad-testarch-automate/resources/knowledge/test-levels-framework.md","80bbac7959a47a2e7e7de82613296f906954d571d2d64ece13381c1a0b480237"
"md","test-levels-framework","tea","tea/workflows/testarch/bmad-testarch-ci/resources/knowledge/test-levels-framework.md","80bbac7959a47a2e7e7de82613296f906954d571d2d64ece13381c1a0b480237"
"md","test-levels-framework","tea","tea/workflows/testarch/bmad-testarch-framework/resources/knowledge/test-levels-framework.md","80bbac7959a47a2e7e7de82613296f906954d571d2d64ece13381c1a0b480237"
"md","test-levels-framework","tea","tea/workflows/testarch/bmad-testarch-nfr/resources/knowledge/test-levels-framework.md","80bbac7959a47a2e7e7de82613296f906954d571d2d64ece13381c1a0b480237"
"md","test-levels-framework","tea","tea/workflows/testarch/bmad-testarch-test-design/resources/knowledge/test-levels-framework.md","80bbac7959a47a2e7e7de82613296f906954d571d2d64ece13381c1a0b480237"
"md","test-levels-framework","tea","tea/workflows/testarch/bmad-testarch-test-review/resources/knowledge/test-levels-framework.md","80bbac7959a47a2e7e7de82613296f906954d571d2d64ece13381c1a0b480237"
"md","test-levels-framework","tea","tea/workflows/testarch/bmad-testarch-trace/resources/knowledge/test-levels-framework.md","80bbac7959a47a2e7e7de82613296f906954d571d2d64ece13381c1a0b480237"
"md","test-priorities-matrix","tea","tea/agents/bmad-tea/resources/knowledge/test-priorities-matrix.md","321c3b708cc19892884be0166afa2a7197028e5474acaf7bc65c17ac861964a5"
"md","test-priorities-matrix","tea","tea/workflows/testarch/bmad-testarch-atdd/resources/knowledge/test-priorities-matrix.md","321c3b708cc19892884be0166afa2a7197028e5474acaf7bc65c17ac861964a5"
"md","test-priorities-matrix","tea","tea/workflows/testarch/bmad-testarch-automate/resources/knowledge/test-priorities-matrix.md","321c3b708cc19892884be0166afa2a7197028e5474acaf7bc65c17ac861964a5"
"md","test-priorities-matrix","tea","tea/workflows/testarch/bmad-testarch-ci/resources/knowledge/test-priorities-matrix.md","321c3b708cc19892884be0166afa2a7197028e5474acaf7bc65c17ac861964a5"
"md","test-priorities-matrix","tea","tea/workflows/testarch/bmad-testarch-framework/resources/knowledge/test-priorities-matrix.md","321c3b708cc19892884be0166afa2a7197028e5474acaf7bc65c17ac861964a5"
"md","test-priorities-matrix","tea","tea/workflows/testarch/bmad-testarch-nfr/resources/knowledge/test-priorities-matrix.md","321c3b708cc19892884be0166afa2a7197028e5474acaf7bc65c17ac861964a5"
"md","test-priorities-matrix","tea","tea/workflows/testarch/bmad-testarch-test-design/resources/knowledge/test-priorities-matrix.md","321c3b708cc19892884be0166afa2a7197028e5474acaf7bc65c17ac861964a5"
"md","test-priorities-matrix","tea","tea/workflows/testarch/bmad-testarch-test-review/resources/knowledge/test-priorities-matrix.md","321c3b708cc19892884be0166afa2a7197028e5474acaf7bc65c17ac861964a5"
"md","test-priorities-matrix","tea","tea/workflows/testarch/bmad-testarch-trace/resources/knowledge/test-priorities-matrix.md","321c3b708cc19892884be0166afa2a7197028e5474acaf7bc65c17ac861964a5"
"md","test-quality","tea","tea/agents/bmad-tea/resources/knowledge/test-quality.md","97b6db474df0ec7a98a15fd2ae49671bb8e0ddf22963f3c4c47917bb75c05b90"
"md","test-quality","tea","tea/workflows/testarch/bmad-testarch-atdd/resources/knowledge/test-quality.md","97b6db474df0ec7a98a15fd2ae49671bb8e0ddf22963f3c4c47917bb75c05b90"
"md","test-quality","tea","tea/workflows/testarch/bmad-testarch-automate/resources/knowledge/test-quality.md","97b6db474df0ec7a98a15fd2ae49671bb8e0ddf22963f3c4c47917bb75c05b90"
"md","test-quality","tea","tea/workflows/testarch/bmad-testarch-ci/resources/knowledge/test-quality.md","97b6db474df0ec7a98a15fd2ae49671bb8e0ddf22963f3c4c47917bb75c05b90"
"md","test-quality","tea","tea/workflows/testarch/bmad-testarch-framework/resources/knowledge/test-quality.md","97b6db474df0ec7a98a15fd2ae49671bb8e0ddf22963f3c4c47917bb75c05b90"
"md","test-quality","tea","tea/workflows/testarch/bmad-testarch-nfr/resources/knowledge/test-quality.md","97b6db474df0ec7a98a15fd2ae49671bb8e0ddf22963f3c4c47917bb75c05b90"
"md","test-quality","tea","tea/workflows/testarch/bmad-testarch-test-design/resources/knowledge/test-quality.md","97b6db474df0ec7a98a15fd2ae49671bb8e0ddf22963f3c4c47917bb75c05b90"
"md","test-quality","tea","tea/workflows/testarch/bmad-testarch-test-review/resources/knowledge/test-quality.md","97b6db474df0ec7a98a15fd2ae49671bb8e0ddf22963f3c4c47917bb75c05b90"
"md","test-quality","tea","tea/workflows/testarch/bmad-testarch-trace/resources/knowledge/test-quality.md","97b6db474df0ec7a98a15fd2ae49671bb8e0ddf22963f3c4c47917bb75c05b90"
"md","test-review-template","tea","tea/workflows/testarch/bmad-testarch-test-review/test-review-template.md","bfc6a429ff372e21f92b1a78b97bb826d5ca738a82ca46d51cc51a31e6cd5841"
"md","timing-debugging","tea","tea/agents/bmad-tea/resources/knowledge/timing-debugging.md","c4c87539bbd3fd961369bb1d7066135d18c6aad7ecd70256ab5ec3b26a8777d9"
"md","timing-debugging","tea","tea/workflows/testarch/bmad-testarch-atdd/resources/knowledge/timing-debugging.md","c4c87539bbd3fd961369bb1d7066135d18c6aad7ecd70256ab5ec3b26a8777d9"
"md","timing-debugging","tea","tea/workflows/testarch/bmad-testarch-automate/resources/knowledge/timing-debugging.md","c4c87539bbd3fd961369bb1d7066135d18c6aad7ecd70256ab5ec3b26a8777d9"
"md","timing-debugging","tea","tea/workflows/testarch/bmad-testarch-ci/resources/knowledge/timing-debugging.md","c4c87539bbd3fd961369bb1d7066135d18c6aad7ecd70256ab5ec3b26a8777d9"
"md","timing-debugging","tea","tea/workflows/testarch/bmad-testarch-framework/resources/knowledge/timing-debugging.md","c4c87539bbd3fd961369bb1d7066135d18c6aad7ecd70256ab5ec3b26a8777d9"
"md","timing-debugging","tea","tea/workflows/testarch/bmad-testarch-nfr/resources/knowledge/timing-debugging.md","c4c87539bbd3fd961369bb1d7066135d18c6aad7ecd70256ab5ec3b26a8777d9"
"md","timing-debugging","tea","tea/workflows/testarch/bmad-testarch-test-design/resources/knowledge/timing-debugging.md","c4c87539bbd3fd961369bb1d7066135d18c6aad7ecd70256ab5ec3b26a8777d9"
"md","timing-debugging","tea","tea/workflows/testarch/bmad-testarch-test-review/resources/knowledge/timing-debugging.md","c4c87539bbd3fd961369bb1d7066135d18c6aad7ecd70256ab5ec3b26a8777d9"
"md","timing-debugging","tea","tea/workflows/testarch/bmad-testarch-trace/resources/knowledge/timing-debugging.md","c4c87539bbd3fd961369bb1d7066135d18c6aad7ecd70256ab5ec3b26a8777d9"
"md","trace-template","tea","tea/workflows/testarch/bmad-testarch-trace/trace-template.md","e7bac767e41d8667c2db82f7ebf8222516bc89350232294caa985ac0a9d7ec54"
"md","validation-report-20260127-095021","tea","tea/workflows/testarch/bmad-testarch-atdd/validation-report-20260127-095021.md","39c8d0dcaaa67d648d114d7fc9b087670af8c85377eb6513544645a5b938e7fe"
"md","validation-report-20260127-095021","tea","tea/workflows/testarch/bmad-testarch-automate/validation-report-20260127-095021.md","23b68497a6fb9d93aa7920eb28b5ad36a8f9ab2532a145255ea5878e53592f98"
"md","validation-report-20260127-095021","tea","tea/workflows/testarch/bmad-testarch-ci/validation-report-20260127-095021.md","aad800795280bad317d157a4d83ae14944b39ed4a9e5a9f34b996bc934d24af2"
"md","validation-report-20260127-095021","tea","tea/workflows/testarch/bmad-testarch-framework/validation-report-20260127-095021.md","05e86702f8cd4b1bad25b7b90c30fe266485f9116ad12af1ee50228d4169992b"
"md","validation-report-20260127-095021","tea","tea/workflows/testarch/bmad-testarch-nfr/validation-report-20260127-095021.md","5fc96e42e9b7d32b3252612ee514752346c3e29100b810a28adf996706a61589"
"md","validation-report-20260127-095021","tea","tea/workflows/testarch/bmad-testarch-test-design/validation-report-20260127-095021.md","2294b9b719227b7c083b8aecf4fc0bf6323f6b7686aec0010ba94e38ddea4aba"
"md","validation-report-20260127-095021","tea","tea/workflows/testarch/bmad-testarch-test-review/validation-report-20260127-095021.md","b370ec9724d036e262e950bbeeb244cd414cd4ae49f437d47695b2c07354f6f4"
"md","validation-report-20260127-095021","tea","tea/workflows/testarch/bmad-testarch-trace/validation-report-20260127-095021.md","a4cf09ad228331217530e473507d1a1b791d3a3cbf471007bb799fcbecbb64c7"
"md","validation-report-20260127-102401","tea","tea/workflows/testarch/bmad-testarch-atdd/validation-report-20260127-102401.md","b749c37581244d028897b78aa6470ee0b9e7a78cdc4975bfd8aed1bd3f374370"
"md","validation-report-20260127-102401","tea","tea/workflows/testarch/bmad-testarch-automate/validation-report-20260127-102401.md","3322f92f5dc4d28c07e08a6a20f7cd77c702f7de04ecba9af6975a7463d845b5"
"md","validation-report-20260127-102401","tea","tea/workflows/testarch/bmad-testarch-ci/validation-report-20260127-102401.md","38864f41d588c5b075c5e09539729e1f4101b1def47c794a68bba5a2db23cb7a"
"md","validation-report-20260127-102401","tea","tea/workflows/testarch/bmad-testarch-framework/validation-report-20260127-102401.md","e584a2aaf88cd4d65a37ab03668c523a8e55b830ea957c205acfad149febb1ef"
"md","validation-report-20260127-102401","tea","tea/workflows/testarch/bmad-testarch-nfr/validation-report-20260127-102401.md","39206e32d3ac4c93475e3444ceeac9babb3a2d94588155a944e03cd153f1e9ab"
"md","validation-report-20260127-102401","tea","tea/workflows/testarch/bmad-testarch-test-design/validation-report-20260127-102401.md","7fbef44391edac74342d14f02688176f96a291c30792fdf26721a872c1ba2b6d"
"md","validation-report-20260127-102401","tea","tea/workflows/testarch/bmad-testarch-test-review/validation-report-20260127-102401.md","13c684351c4c4ae274f3ea9827b00d7bab7daf694980f5bfc74c592aa2617f1a"
"md","validation-report-20260127-102401","tea","tea/workflows/testarch/bmad-testarch-trace/validation-report-20260127-102401.md","0774915e82411e21d505e11cf659bc1f3b7b0e252513b1de067b0c7d8c567c37"
"md","visual-debugging","tea","tea/agents/bmad-tea/resources/knowledge/visual-debugging.md","f1a7db59553aee691550e2c62ca15348a2703dea738b76cd38e22cfcfe2bf7c8"
"md","visual-debugging","tea","tea/workflows/testarch/bmad-testarch-atdd/resources/knowledge/visual-debugging.md","f1a7db59553aee691550e2c62ca15348a2703dea738b76cd38e22cfcfe2bf7c8"
"md","visual-debugging","tea","tea/workflows/testarch/bmad-testarch-automate/resources/knowledge/visual-debugging.md","f1a7db59553aee691550e2c62ca15348a2703dea738b76cd38e22cfcfe2bf7c8"
"md","visual-debugging","tea","tea/workflows/testarch/bmad-testarch-ci/resources/knowledge/visual-debugging.md","f1a7db59553aee691550e2c62ca15348a2703dea738b76cd38e22cfcfe2bf7c8"
"md","visual-debugging","tea","tea/workflows/testarch/bmad-testarch-framework/resources/knowledge/visual-debugging.md","f1a7db59553aee691550e2c62ca15348a2703dea738b76cd38e22cfcfe2bf7c8"
"md","visual-debugging","tea","tea/workflows/testarch/bmad-testarch-nfr/resources/knowledge/visual-debugging.md","f1a7db59553aee691550e2c62ca15348a2703dea738b76cd38e22cfcfe2bf7c8"
"md","visual-debugging","tea","tea/workflows/testarch/bmad-testarch-test-design/resources/knowledge/visual-debugging.md","f1a7db59553aee691550e2c62ca15348a2703dea738b76cd38e22cfcfe2bf7c8"
"md","visual-debugging","tea","tea/workflows/testarch/bmad-testarch-test-review/resources/knowledge/visual-debugging.md","f1a7db59553aee691550e2c62ca15348a2703dea738b76cd38e22cfcfe2bf7c8"
"md","visual-debugging","tea","tea/workflows/testarch/bmad-testarch-trace/resources/knowledge/visual-debugging.md","f1a7db59553aee691550e2c62ca15348a2703dea738b76cd38e22cfcfe2bf7c8"
"md","workflow","tea","tea/workflows/testarch/bmad-teach-me-testing/workflow.md","2caf4fcd47e79f1549041adf9136a7a7d2aceaefaff1fb188954d1d7bbd983f8"
"md","workflow","tea","tea/workflows/testarch/bmad-testarch-atdd/workflow.md","d36b50c2b5646db27024bd26cf2fbe3d91a41805c9d3afab32336384a3853795"
"md","workflow","tea","tea/workflows/testarch/bmad-testarch-automate/workflow.md","8389f938a63c6c3b2d7428600239f26af12a8b4d713d7dd4b9cf3a4d35c4f6de"
"md","workflow","tea","tea/workflows/testarch/bmad-testarch-ci/workflow.md","9ca63c09af5d10e95991057f2dabd70e3c54bc332baf5de4f7046cc910aa782d"
"md","workflow","tea","tea/workflows/testarch/bmad-testarch-framework/workflow.md","6c034c1525ff221ef7fb2da7788358b4b6d781949ddf850fb51f900d0f3b7c27"
"md","workflow","tea","tea/workflows/testarch/bmad-testarch-nfr/workflow.md","9851d567b98c416cf77fb3c10dfa218163108cd2e57f4d02f2f05f32668d3d89"
"md","workflow","tea","tea/workflows/testarch/bmad-testarch-test-design/workflow.md","36bcd0062e339e4c2c496819556fb21dc67f0a6f300eea7ed216e66e2b10b4ac"
"md","workflow","tea","tea/workflows/testarch/bmad-testarch-test-review/workflow.md","a7572e4c203fe23d75f0d9769e11f9fdd8673105241ebf5b289d5033fef281ff"
"md","workflow","tea","tea/workflows/testarch/bmad-testarch-trace/workflow.md","cdbc956f8120caca3d9a44c3cf6400ebcefeff1ea34a5de32edeadb8ee216f4c"
"md","workflow-plan","tea","tea/workflows/testarch/bmad-testarch-atdd/workflow-plan.md","b86e22eff2f91249f83cdd4c5a95cfe9caff51eded0cd1b7f51912ec61349183"
"md","workflow-plan","tea","tea/workflows/testarch/bmad-testarch-automate/workflow-plan.md","3d3cd40c76dc9f0c2387bef34e9391a9d3a25fe04ea4ebedb6adb72684a3ad06"
"md","workflow-plan","tea","tea/workflows/testarch/bmad-testarch-ci/workflow-plan.md","628dae2fcc680824c0e376feca84ce05b7cd674f0d5efc935964f4e705dddeb3"
"md","workflow-plan","tea","tea/workflows/testarch/bmad-testarch-framework/workflow-plan.md","6e181a5bd34a182f85fc9886bf205f13e89e6325db282f6e0f21cd59f122b7ab"
"md","workflow-plan","tea","tea/workflows/testarch/bmad-testarch-nfr/workflow-plan.md","85ad2ae434f5fbdd55f84f4349f38ea1c72444fc5485821a8a4562a5da891b5a"
"md","workflow-plan","tea","tea/workflows/testarch/bmad-testarch-test-design/workflow-plan.md","e3b7f847205fb9c004b9772af0da7d9ed4c5038cbedd66c388d6a3b640be5a04"
"md","workflow-plan","tea","tea/workflows/testarch/bmad-testarch-test-review/workflow-plan.md","15723c03eee5bfc852cd39b843bf4435dabdf02f59a77bb8a8683c4ab8cb3ed6"
"md","workflow-plan","tea","tea/workflows/testarch/bmad-testarch-trace/workflow-plan.md","1a8d18420d10ecc4a775a858f4e55271bb8e8fca8f1fe98fa3fedaee353097d9"
"md","workflow-plan-teach-me-testing","tea","tea/workflows/testarch/bmad-teach-me-testing/workflow-plan-teach-me-testing.md","89ab8018e2a0a4238639fd10fecc79af13e28a47df109713e1f81e3dd2e26739"
"yaml","azure-pipelines-template","tea","tea/workflows/testarch/bmad-testarch-ci/azure-pipelines-template.yaml","e53405833b819cd70b7226ea624236ff2490659985b0512244303dc9676acb34"
"yaml","bmad-skill-manifest","tea","tea/agents/bmad-tea/bmad-skill-manifest.yaml","839a9a3cbc3856e827f6b596cc1cfdee7888136395ff3ab5b6f45cb14038e255"
"yaml","bmad-skill-manifest","tea","tea/workflows/testarch/bmad-teach-me-testing/bmad-skill-manifest.yaml","ea1b058a23cd4fb442f2e7bc7a3a871b73391c0d18c32ddad020dd56b20425ee"
"yaml","bmad-skill-manifest","tea","tea/workflows/testarch/bmad-testarch-atdd/bmad-skill-manifest.yaml","ea1b058a23cd4fb442f2e7bc7a3a871b73391c0d18c32ddad020dd56b20425ee"
"yaml","bmad-skill-manifest","tea","tea/workflows/testarch/bmad-testarch-automate/bmad-skill-manifest.yaml","ea1b058a23cd4fb442f2e7bc7a3a871b73391c0d18c32ddad020dd56b20425ee"
"yaml","bmad-skill-manifest","tea","tea/workflows/testarch/bmad-testarch-ci/bmad-skill-manifest.yaml","ea1b058a23cd4fb442f2e7bc7a3a871b73391c0d18c32ddad020dd56b20425ee"
"yaml","bmad-skill-manifest","tea","tea/workflows/testarch/bmad-testarch-framework/bmad-skill-manifest.yaml","ea1b058a23cd4fb442f2e7bc7a3a871b73391c0d18c32ddad020dd56b20425ee"
"yaml","bmad-skill-manifest","tea","tea/workflows/testarch/bmad-testarch-nfr/bmad-skill-manifest.yaml","ea1b058a23cd4fb442f2e7bc7a3a871b73391c0d18c32ddad020dd56b20425ee"
"yaml","bmad-skill-manifest","tea","tea/workflows/testarch/bmad-testarch-test-design/bmad-skill-manifest.yaml","ea1b058a23cd4fb442f2e7bc7a3a871b73391c0d18c32ddad020dd56b20425ee"
"yaml","bmad-skill-manifest","tea","tea/workflows/testarch/bmad-testarch-test-review/bmad-skill-manifest.yaml","ea1b058a23cd4fb442f2e7bc7a3a871b73391c0d18c32ddad020dd56b20425ee"
"yaml","bmad-skill-manifest","tea","tea/workflows/testarch/bmad-testarch-trace/bmad-skill-manifest.yaml","ea1b058a23cd4fb442f2e7bc7a3a871b73391c0d18c32ddad020dd56b20425ee"
"yaml","config","tea","tea/config.yaml","a4f8df4f5fcfa62e19f72c8b4c994fd60c18037117810fc1621c4285d048a74c"
"yaml","curriculum","tea","tea/workflows/testarch/bmad-teach-me-testing/data/curriculum.yaml","08d70f30f848537a5dcf138128bde0665d203236bab470d87e33791e4b3d3eee"
"yaml","github-actions-template","tea","tea/workflows/testarch/bmad-testarch-ci/github-actions-template.yaml","dbf33e640d9017650b5eed7af28f8914172a0dcfd04552a0342ef61b459b28c2"
"yaml","gitlab-ci-template","tea","tea/workflows/testarch/bmad-testarch-ci/gitlab-ci-template.yaml","af7d7e50802c1f4cbdfdfc20b0cd8a86ba5cec5b9eaedaec29e4c8aec6049ae6"
"yaml","harness-pipeline-template","tea","tea/workflows/testarch/bmad-testarch-ci/harness-pipeline-template.yaml","243aa43a5139a9bca9e5300070e2efeb97c13f0bb94d166f84b035025d5c4f8d"
"yaml","progress-template","tea","tea/workflows/testarch/bmad-teach-me-testing/templates/progress-template.yaml","595fe007e9cecd907f0f695f581ff7c86dde770336be8134782a954d4fb6f48f"
"yaml","quiz-questions","tea","tea/workflows/testarch/bmad-teach-me-testing/data/quiz-questions.yaml","42c5e6c8703e22992cfcbbeb23d871054b15257153010efe53bf44dbc1f27b4f"
"yaml","role-paths","tea","tea/workflows/testarch/bmad-teach-me-testing/data/role-paths.yaml","c5ad85c1de113a6c403ad0f9a3588477caec72a4e4d858f41e96ebd0e4765a7a"
"yaml","session-content-map","tea","tea/workflows/testarch/bmad-teach-me-testing/data/session-content-map.yaml","14a74ad936c4d77f20325d4a2c86cc198577141f569863d968d93eb0c9da881d"
"yaml","tea-resources-index","tea","tea/workflows/testarch/bmad-teach-me-testing/data/tea-resources-index.yaml","286bc2282b3fce9d23e2c94d978680c7934b33b0a984d76217f957c1494a75a3"
"yaml","workflow","tea","tea/workflows/testarch/bmad-testarch-atdd/workflow.yaml","8bab9e5dd6432b1f363477e572ea3a72712cfa8ce7246f2d04a4b17ce1cbbe96"
"yaml","workflow","tea","tea/workflows/testarch/bmad-testarch-automate/workflow.yaml","812166a75f88418ecfba92f43e293ce33476275218a6b874f9d3ab3b3eb34a02"
"yaml","workflow","tea","tea/workflows/testarch/bmad-testarch-ci/workflow.yaml","367f88a326f217428654a1a2b4a7e5c497c498e7031f9e2809ca2766a0a02843"
"yaml","workflow","tea","tea/workflows/testarch/bmad-testarch-framework/workflow.yaml","13f99eb56accb5e8da5f28aabe4041b2a736472f92edd241f3f7ce3294b1f29f"
"yaml","workflow","tea","tea/workflows/testarch/bmad-testarch-nfr/workflow.yaml","5dd6e3b9d7c5e1a8735a4df32033d8cd053f2d6bd21ffa827314e73518ab2f56"
"yaml","workflow","tea","tea/workflows/testarch/bmad-testarch-test-design/workflow.yaml","8ad0fb89bbe1f00af80eeeb2ac1bc2e90c6854bc2516f23dcff8e29cb1f81579"
"yaml","workflow","tea","tea/workflows/testarch/bmad-testarch-test-review/workflow.yaml","ba98595534cdbd0a477f358de0f1dc413cbe381830e7dff4d67ace34265a3164"
"yaml","workflow","tea","tea/workflows/testarch/bmad-testarch-trace/workflow.yaml","89c7f027987023e6c341e93fafa58f0fd34849b9cbf86cf06e56f0d3955d1c31"
"css","dev-mode","wds","wds/workflows/wds-5-agentic-development/templates/components/dev-mode.css","d1e7543bd8c6dbf615dffe12e743f3f796ead0b4ed3d41a94130a6468f4593c7"
"csv","module-help","wds","wds/module-help.csv","5bc5f5bd7bfd1b798cd787c128c4accf560729ddd93d10b3461d85ff479747c6"
"html","catalog.template","wds","wds/workflows/wds-0-project-setup/resources/wds-7-design-system/templates/catalog.template.html","8e01e16c4c02be6f3ef96bcf792ff6bdc284a57b75c8b18484263674390f1ba8"
"html","catalog.template","wds","wds/workflows/wds-7-design-system/templates/catalog.template.html","8e01e16c4c02be6f3ef96bcf792ff6bdc284a57b75c8b18484263674390f1ba8"
"html","dev-mode","wds","wds/workflows/wds-5-agentic-development/templates/components/dev-mode.html","f0be1df0f4690e363f4c03c99c674a6806fe272edad4bc4344ac7a2a5a2246ff"
"html","page-template","wds","wds/workflows/wds-5-agentic-development/templates/page-template.html","72a3ac6ac1087c0cfad93354599210fb11214555662fd4beba7034e3f9d2f516"
"js","dev-mode","wds","wds/workflows/wds-5-agentic-development/templates/components/dev-mode.js","10495ee3178200ed09360a6789c3143babe69a1dcb4503d81e2e6ce86ffcc0d2"
"json","demo-data-template","wds","wds/workflows/wds-5-agentic-development/templates/demo-data-template.json","e3a6da9ddc16bcb4268eaefef2a46f0a4ce6c54d02579776309fe77e397340a0"
"md","00-context","wds","wds/workflows/wds-0-project-setup/resources/wds-1-project-brief/templates/project-brief-dialog/00-context.md","a50319312bc9ceba7a746a872b44fd51c3646d2b7090aa94827e033f642deb1d"
"md","00-context","wds","wds/workflows/wds-1-project-brief/templates/project-brief-dialog/00-context.md","a50319312bc9ceba7a746a872b44fd51c3646d2b7090aa94827e033f642deb1d"
"md","00-design-log.template","wds","wds/workflows/wds-0-project-setup/templates/folder-guides/00-design-log.template.md","a306ebb3ae3bdf81afa7d3ef6635eb22fc1d824de1612499a436f097ff94e948"
"md","00-design-system.template","wds","wds/workflows/wds-0-project-setup/templates/folder-guides/00-design-system.template.md","fedad835a92542a96ac1d9bb4af61c0c3a4319216403771fea878cbf574472bf"
"md","00-MODULAR-ARCHITECTURE-GUIDE","wds","wds/workflows/wds-4-ux-design/data/modular-architecture/00-MODULAR-ARCHITECTURE-GUIDE.md","c226e15ff815cdac8139b2d9b194a3640009dfac71f6553381b5d56c420df9f7"
"md","00-product-brief.template","wds","wds/workflows/wds-0-project-setup/templates/folder-guides/00-product-brief.template.md","3d0d0630b6fe266f7e5a8734589c768f68e3bd22ac9794606ca1107253b14b7d"
"md","00-project-info.template","wds","wds/workflows/wds-0-project-setup/resources/wds-1-project-brief/templates/00-project-info.template.md","3673943015834fc87c422093c9c587d4800a01cf5da2fe5928924e063fa22d97"
"md","00-project-info.template","wds","wds/workflows/wds-1-project-brief/templates/00-project-info.template.md","3673943015834fc87c422093c9c587d4800a01cf5da2fe5928924e063fa22d97"
"md","00-purpose-examples","wds","wds/workflows/wds-6-asset-generation/data/00-purpose-examples.md","76fea5d79cb90c39b4ece00619a847927a3feaa8e167496551c5a2623c45d152"
"md","00-trigger-map.template","wds","wds/workflows/wds-0-project-setup/templates/folder-guides/00-trigger-map.template.md","b633021e362a49ac1399e201dc09a0e0522f47a65e4d1954fb564fae74f0d34f"
"md","00-ux-scenarios.template","wds","wds/workflows/wds-0-project-setup/templates/folder-guides/00-ux-scenarios.template.md","e5b06a489d41dbffc7b0a8e0d06be16de081efa88595be65126946b8b63e0918"
"md","01-platform-confirmation","wds","wds/workflows/wds-4-ux-design/data/scenario-init/01-platform-confirmation.md","4b9084577efa4e1d1311def79bac6517e402b4b36d5e4f2f709d78ef820733ad"
"md","01-start-understand-routing","wds","wds/workflows/wds-0-alignment-signoff/data/01-start-understand-routing.md","881011ad64818c4b419a250f548d6aa309dda85815a5d5cd47c5d88cf7be491e"
"md","01-what-are-storyboards","wds","wds/workflows/wds-4-ux-design/data/modular-architecture/02-workflows/01-what-are-storyboards.md","5cc9d1c2367683f3a03a25318cacb899be6200e7e3d14ec912d17f1c104d6d1b"
"md","01-when-to-use","wds","wds/workflows/wds-4-ux-design/data/modular-architecture/02-workflows/01-when-to-use.md","4a8c0649b381c91c67c1a82ea070ea050ecad9c546d0c664e8061d6a0dcef752"
"md","02-explore-sections-routing","wds","wds/workflows/wds-0-alignment-signoff/data/02-explore-sections-routing.md","f7cea43985fa291a5d7f14efa61e74c22ebab44e72bf6dab98a6726f4c3e6b7a"
"md","02-feature-selection","wds","wds/workflows/wds-4-ux-design/data/scenario-init/02-feature-selection.md","28d74b4c0dbf8efeb5ba7317e6f8a8ff6683163dab1e14586c2af80e3deff2a3"
"md","02-file-structure","wds","wds/workflows/wds-4-ux-design/data/modular-architecture/02-workflows/02-file-structure.md","8d3a77ca28022d09148511c857e37de396690ce49edcda525ac670ca92fad216"
"md","02-vision","wds","wds/workflows/wds-0-project-setup/resources/wds-1-project-brief/templates/project-brief-dialog/02-vision.md","761e012a07570c82ad2847ae010c06cba64f7ffdeac45459de9312561a3cf480"
"md","02-vision","wds","wds/workflows/wds-1-project-brief/templates/project-brief-dialog/02-vision.md","761e012a07570c82ad2847ae010c06cba64f7ffdeac45459de9312561a3cf480"
"md","03-action-filter-example","wds","wds/workflows/wds-6-asset-generation/data/03-action-filter-example.md","f4fd32441f517d927f831b123c66320013960ae083bd8b7bee26775132efd8f8"
"md","03-entry-point","wds","wds/workflows/wds-4-ux-design/data/scenario-init/03-entry-point.md","d0bada9ae6e1e6499d004edecf5c5461343a1f36dbce1dfa6ce3eebee0b554db"
"md","03-synthesize-present-routing","wds","wds/workflows/wds-0-alignment-signoff/data/03-synthesize-present-routing.md","d1e6c5a984e6e6ebaa4cf42958d92a6e4d03af5c1060d0633a41c6b944b2d2d1"
"md","03-users","wds","wds/workflows/wds-0-project-setup/resources/wds-1-project-brief/templates/project-brief-dialog/03-users.md","b10577bfd1f97277e00d12d77c6240243c7128a76e5a6f34a9a30914fdbd3188"
"md","03-users","wds","wds/workflows/wds-1-project-brief/templates/project-brief-dialog/03-users.md","b10577bfd1f97277e00d12d77c6240243c7128a76e5a6f34a9a30914fdbd3188"
"md","04-badass-users-principles","wds","wds/workflows/wds-6-asset-generation/data/04-badass-users-principles.md","fe66948a4b8fdc7224d964cd09c3cb3134098f09f3dbbfe828fad8e2a1a48a85"
"md","04-concept","wds","wds/workflows/wds-0-project-setup/resources/wds-1-project-brief/templates/project-brief-dialog/04-concept.md","1a4788a465651750a1e79ebd0bea979d2175c9fb5a8629d87e72ec96479c0819"
"md","04-concept","wds","wds/workflows/wds-1-project-brief/templates/project-brief-dialog/04-concept.md","1a4788a465651750a1e79ebd0bea979d2175c9fb5a8629d87e72ec96479c0819"
"md","04-example-empowerment-frame","wds","wds/workflows/wds-6-asset-generation/data/04-example-empowerment-frame.md","bca8fe73e7fa066e37738584959ef04cf2bc95930008848230c8312ca33ae6e4"
"md","04-generate-signoff-routing","wds","wds/workflows/wds-0-alignment-signoff/data/04-generate-signoff-routing.md","2cb97fd0266bd417ed7d6982c0762f0710f2b4752c8185470bb7d55e4a0d8194"
"md","04-mental-state","wds","wds/workflows/wds-4-ux-design/data/scenario-init/04-mental-state.md","15fb272a2477492a50491227aefd686db6771ed1928efb8e6f4c525a6954bbc3"
"md","05-build-contract-routing","wds","wds/workflows/wds-0-alignment-signoff/data/05-build-contract-routing.md","dcf8cff065f4cd3113de81832cad1110828728aed9ee928d5c5efdf2329343bc"
"md","05-example-golden-circle","wds","wds/workflows/wds-6-asset-generation/data/05-example-golden-circle.md","f8fa7950e3b33b7b42b816bbeb6604aff73bcec26adbe0aeb8e0108299e4c370"
"md","05-golden-circle-guide","wds","wds/workflows/wds-6-asset-generation/data/05-golden-circle-guide.md","d640547dfea2a38ab545ecc8bddba0e0e75f96999b3061f7a40e34f72b1d803e"
"md","05-mutual-success","wds","wds/workflows/wds-4-ux-design/data/scenario-init/05-mutual-success.md","b0af03afdee893e2b393d5ae2ada6a38a76cdd44915dad3e9c9edd2523110a70"
"md","06-build-signoff-internal-routing","wds","wds/workflows/wds-0-alignment-signoff/data/06-build-signoff-internal-routing.md","9975bdeaba8cb7816b2279852ec65f99e985cfcecb8ec3049aaab297d1570de7"
"md","06-example-hairdresser-newsletter","wds","wds/workflows/wds-6-asset-generation/data/06-example-hairdresser-newsletter.md","192bb07f3927c089556efcc22689f9899f3d58191061e044352db49b286e9e33"
"md","06-generation-instructions","wds","wds/workflows/wds-6-asset-generation/data/06-generation-instructions.md","92be1920f0c5cdc863175886ed553cdcc87658a34030018cb90e28c7d847ae7e"
"md","06-inspiration","wds","wds/workflows/wds-0-project-setup/resources/wds-1-project-brief/templates/project-brief-dialog/06-inspiration.md","08394e410822c803c3e8be1b8b3e64a5e21e5283d61cd850dec49d8ad4ac285b"
"md","06-inspiration","wds","wds/workflows/wds-1-project-brief/templates/project-brief-dialog/06-inspiration.md","08394e410822c803c3e8be1b8b3e64a5e21e5283d61cd850dec49d8ad4ac285b"
"md","06-shortest-path","wds","wds/workflows/wds-4-ux-design/data/scenario-init/06-shortest-path.md","2b80bf99595be6d887e347dae8c2a102fac816f31312847f672bf8fbf1489e0a"
"md","07-positioning","wds","wds/workflows/wds-0-project-setup/resources/wds-1-project-brief/templates/project-brief-dialog/07-positioning.md","797a7408157caa11de8214ca29e7d11687922e8a029187949ff1b83d15fb455d"
"md","07-positioning","wds","wds/workflows/wds-1-project-brief/templates/project-brief-dialog/07-positioning.md","797a7408157caa11de8214ca29e7d11687922e8a029187949ff1b83d15fb455d"
"md","07-reference-trigger-map","wds","wds/workflows/wds-4-ux-design/data/scenario-init/07-reference-trigger-map.md","78a8d3676d4cc05ca92cc8f42e8fa44f147074bfc8ff13a7d820fa515565d51c"
"md","1-prototype-setup","wds","wds/workflows/wds-5-agentic-development/steps-p/1-prototype-setup.md","ef55b66b26926ce294c97f9b6e566a6a0e2c556cb8b138d01ee06fa00280bf42"
"md","2-scenario-analysis","wds","wds/workflows/wds-5-agentic-development/steps-p/2-scenario-analysis.md","9a9180f67ab2308118426fe19e1712a8970c8facae6b911fdcb8cb1d5a28fe03"
"md","3-logical-view-breakdown","wds","wds/workflows/wds-5-agentic-development/steps-p/3-logical-view-breakdown.md","c1ffd23d5eccea90c1731779fce24c60c13f34d702fbae3c3534a9f2aa193d84"
"md","3d-render","wds","wds/workflows/wds-6-asset-generation/data/styles/content-styles/3d-render.md","7ff49d3e2d996a27f791a9650860a8af8bf2f92ff736a609b3d331ca98f2eb1c"
"md","4a-announce-and-gather","wds","wds/workflows/wds-5-agentic-development/steps-p/4a-announce-and-gather.md","e45889d356f2786373e345071fd009e47aa3de5d9d0e12e99f0f4b5b7fa35bfe"
"md","4b-create-story-file","wds","wds/workflows/wds-5-agentic-development/steps-p/4b-create-story-file.md","f0876db52b5b7f6b4e08c90a30565a62f3be17340ab6286abc760a1a1fc24bbb"
"md","4c-implement-section","wds","wds/workflows/wds-5-agentic-development/steps-p/4c-implement-section.md","04a3182d7b2568e56fdb2cd08a5db3ed3b15ab12f20b2a5dd24b7623a224387f"
"md","4d-present-for-testing","wds","wds/workflows/wds-5-agentic-development/steps-p/4d-present-for-testing.md","22fc7118242d4b1879e3ed13a1cbe375bbe777673424200a3f985c43f0d599cf"
"md","4e-handle-issue","wds","wds/workflows/wds-5-agentic-development/steps-p/4e-handle-issue.md","7d656993cee28cbf5f896f2de86f66ecda4b46e1a8866aaa1c5dd125b1ec98a9"
"md","4f-handle-improvement","wds","wds/workflows/wds-5-agentic-development/steps-p/4f-handle-improvement.md","53454d28ce5cbd58f470e42a59fc0881d0481e7e8d1361cf7b736d2b5a2bd673"
"md","4g-section-approved","wds","wds/workflows/wds-5-agentic-development/steps-p/4g-section-approved.md","7fe8c69cbe3bde0c089a0c062d9c869fe6ac9c2648dcd231b9d38ea774e03272"
"md","5-finalization","wds","wds/workflows/wds-5-agentic-development/steps-p/5-finalization.md","95dbe8ea9488acfb9d5f40e2edc9ec12ec7e2f79a41c0c4b0b02f7075346922a"
"md","accessibility-audit.workflow","wds","wds/workflows/wds-4-ux-design/templates/instructions/accessibility-audit.workflow.md","fc8dd6ea6cc0e20d2be2ea6c83fda9b64069b03ba781f85354920a70d35b8080"
"md","accessibility.instructions","wds","wds/workflows/wds-4-ux-design/templates/instructions/accessibility.instructions.md","28832ae39076d4f211c1b237f61e09b9afded76292802494df9f557bfaaabf2a"
"md","agent-designer-collaboration","wds","wds/workflows/wds-4-ux-design/data/modular-architecture/00-foundation/agent-designer-collaboration.md","3f777ebb2adf1b3f517d574580f5ae76ddb150a5afb46f593f808dbdf7183f79"
"md","agentic-development","wds","wds/data/agent-guides/freya/agentic-development.md","5f91e27fe6d3922ed67fb261679932b9550aad50ff921addf6b53f435b6992d6"
"md","AGENTIC-DEVELOPMENT-GUIDE","wds","wds/workflows/wds-5-agentic-development/data/guides/AGENTIC-DEVELOPMENT-GUIDE.md","49575c2129490530d37f013698b35b606072776401e156d0f7f0f8a01563471f"
"md","audit-report.template","wds","wds/workflows/wds-4-ux-design/templates/audit-report.template.md","e0487702443a66f2bc74888b220d2d36ea5e07424caac8c6cc525792d7ff1c29"
"md","benefits","wds","wds/workflows/wds-4-ux-design/data/modular-architecture/03-quick-refs/benefits.md","9f5dc0015a7b7d5644220ef4ee69a18febbcaf05b46fb7968ca666722a436531"
"md","booking-example","wds","wds/workflows/wds-4-ux-design/data/scenario-init/examples/booking-example.md","0483bc21b9aed418212f8ae0682c87af75945ad481bd09a8471e9a76198a41a6"
"md","brutalist","wds","wds/workflows/wds-6-asset-generation/data/styles/design-styles/brutalist.md","650133fd78e87a8c92a03b9845c23cbcbb0095d0915cb2db512861539cdf4f8c"
"md","business-goals-template","wds","wds/workflows/wds-2-trigger-mapping/data/business-goals-template.md","6e5bd3cf84695447a636dd8393ec7f766485c5cb0497055d3158ae2e2c47d4df"
"md","button","wds","wds/workflows/wds-4-ux-design/data/object-types/templates/button.md","4e9015f48fede5e649732094e0d697b9fe9d8dd11398db3a706639a100193140"
"md","comic-book","wds","wds/workflows/wds-6-asset-generation/data/styles/content-styles/comic-book.md","cdf715be6461f74973cc115e600944c52baa264ba1a1073f5ec38765b08d5476"
"md","complexity-detection","wds","wds/workflows/wds-4-ux-design/data/modular-architecture/01-core-concepts/complexity-detection.md","a5b455efcfff5c484cdeaa329d8d773064bfe071d56a1c98aeeea1357bb0b158"
"md","COMPLEXITY-ROUTER","wds","wds/workflows/wds-4-ux-design/data/object-types/COMPLEXITY-ROUTER.md","6b25d91c72ddac7362ba882d1bb36b99b5292d45c5746cb8339d4dfa136bdb77"
"md","complexity-router-workflow","wds","wds/workflows/wds-4-ux-design/data/modular-architecture/02-workflows/complexity-router-workflow.md","21c6713f961e9202c4368423898151414aa33290b8a37c7be29ab5a441fc4165"
"md","component-boundaries","wds","wds/data/design-system/component-boundaries.md","f73be3978de2c0a8bb5d6bcd7c17c0a23d5b9fb986d6721fe3d34ce8d7ca5bfc"
"md","COMPONENT-FILE-STRUCTURE","wds","wds/workflows/wds-4-ux-design/data/modular-architecture/COMPONENT-FILE-STRUCTURE.md","106c4286dfacb58b403a304c199d583dc7e558c8899e380ab40cf69bf5bcc9c9"
"md","component-library-config.template","wds","wds/workflows/wds-0-project-setup/resources/wds-7-design-system/templates/component-library-config.template.md","ee8dff9871364c85b2096a0fb2dc27a73fa068e460667230be5eededac7498af"
"md","component-library-config.template","wds","wds/workflows/wds-7-design-system/templates/component-library-config.template.md","ee8dff9871364c85b2096a0fb2dc27a73fa068e460667230be5eededac7498af"
"md","component.template","wds","wds/workflows/wds-0-project-setup/resources/wds-7-design-system/templates/component.template.md","a3e18a2b6ac9eb2a7214d1c1ac60fb314728f1daaf92410cebdb9646e9522781"
"md","component.template","wds","wds/workflows/wds-7-design-system/templates/component.template.md","a3e18a2b6ac9eb2a7214d1c1ac60fb314728f1daaf92410cebdb9646e9522781"
"md","content-creation","wds","wds/data/agent-guides/freya/content-creation.md","1d1a0f1b264109b0168e54571de8ec858a5e325dc5551793876f72e5832674b4"
"md","content-creation-workshop-guide","wds","wds/workflows/wds-6-asset-generation/data/content-creation-workshop-guide.md","7e2bb752ae77a156b9b803e5b3ccacd20029f91716f356edd8856f6b942baa83"
"md","content-language.template","wds","wds/workflows/wds-0-project-setup/resources/wds-1-project-brief/templates/content-language.template.md","23d0a01ade9e9ca4602b7052c8ffcc607f3644adfa226685d12f667162055b81"
"md","content-language.template","wds","wds/workflows/wds-1-project-brief/templates/content-language.template.md","23d0a01ade9e9ca4602b7052c8ffcc607f3644adfa226685d12f667162055b81"
"md","content-output.template","wds","wds/workflows/wds-6-asset-generation/templates/content-output.template.md","cca09ac0f23b690c4c7d4bbb7a4ad755cd0c6f1fabfa9cd492ec80696cb57c04"
"md","CONTENT-PLACEMENT-GUIDE","wds","wds/workflows/wds-4-ux-design/data/modular-architecture/CONTENT-PLACEMENT-GUIDE.md","337f29f2c2c970941099d7e45bf2aad5ea4810ef1017ec3169eb3af9f9aed271"
"md","content-placement-rules","wds","wds/workflows/wds-4-ux-design/data/modular-architecture/01-core-concepts/content-placement-rules.md","0f141df8e13393e8d7264159a314023d5e144187bb3c2c21e09266095ec00f21"
"md","content-structure-principles","wds","wds/data/agent-guides/saga/content-structure-principles.md","c9fc8d80e3eba90cf162f45d30135559671e0827f421e0b4a6f4b5b3971a4c82"
"md","context-templates","wds","wds/workflows/wds-8-product-evolution/data/context-templates.md","875567e7a9056a5475fe4835d7e85825b2bba4b6b44b1a6341e165eb6f23e6c6"
"md","contract.template","wds","wds/workflows/wds-0-project-setup/resources/wds-1-project-brief/templates/contract.template.md","1acd23108c2cac293b4e924fdb21853176dea528fc68d171f3e0f561cd52776e"
"md","contract.template","wds","wds/workflows/wds-1-project-brief/templates/contract.template.md","1acd23108c2cac293b4e924fdb21853176dea528fc68d171f3e0f561cd52776e"
"md","conversational-followups","wds","wds/data/agent-guides/saga/conversational-followups.md","cad61bfcf570bfd3e4bc060f5ba0978079ff68ae431818ce28cb07ef8c8f7eb3"
"md","corporate","wds","wds/workflows/wds-6-asset-generation/data/styles/design-styles/corporate.md","fba548addcc0bf1d14707898058053d1c378e0f7192ef491c371f7f840a762b7"
"md","CREATION-GUIDE","wds","wds/workflows/wds-5-agentic-development/data/guides/CREATION-GUIDE.md","867fb4e3d60e2cb75c30db813696fc879b8e14a00180a1a5d6486b506949ad3d"
"md","CROSS-PAGE-CONSISTENCY","wds","wds/workflows/wds-4-ux-design/data/modular-architecture/CROSS-PAGE-CONSISTENCY.md","f34325f8d5c2637ef11a90a96a08a7d3b94b79dcf088e0ade79791b3d6d433c6"
"md","data-api.instructions","wds","wds/workflows/wds-4-ux-design/templates/instructions/data-api.instructions.md","20e198e50f103b67fb4604d30adffbd7c77b0ccd198177e28548c03249765fb8"
"md","decision-tree","wds","wds/workflows/wds-4-ux-design/data/modular-architecture/03-quick-refs/decision-tree.md","d9f4eba66b6b1907ee213c6a00bed58290cb61e8013d87c2eac6c82807573a81"
"md","decisions","wds","wds/workflows/wds-0-project-setup/resources/wds-1-project-brief/templates/project-brief-dialog/decisions.md","49e6a3d36e71fdba9d0818baa11b57515c1e09940d680c1e80ffa18ef6bc540a"
"md","decisions","wds","wds/workflows/wds-1-project-brief/templates/project-brief-dialog/decisions.md","49e6a3d36e71fdba9d0818baa11b57515c1e09940d680c1e80ffa18ef6bc540a"
"md","delivery-templates","wds","wds/workflows/wds-4-ux-design/data/delivery-templates.md","08cb8aaa65804f2620097e8143749629824feb1c839a259513f364d3716f5895"
"md","delivery-templates","wds","wds/workflows/wds-8-product-evolution/data/delivery-templates.md","2e313f9ecdfc58f7e9872fbfb3b80fbb9b674b8da18babd001e1bcaa7e0dcc35"
"md","design-deliveries-guide","wds","wds/workflows/wds-4-ux-design/data/design-deliveries-guide.md","154b9f9c6c3b0818224e04ebdc9016877dcf45ec8097d18c88e89ca4e97af429"
"md","DESIGN-LOOP-GUIDE","wds","wds/workflows/wds-4-ux-design/data/guides/DESIGN-LOOP-GUIDE.md","66512a4dac0ae3757914e831054d81861e5cdadb9190df465db6f931100a0e5a"
"md","design-system","wds","wds/data/agent-guides/freya/design-system.md","a45e6ec7a6a84ccf18897ed5bfb7e33db11a76c1f06c53494c0c2d9ef9aa8837"
"md","design-system","wds","wds/workflows/wds-0-project-setup/resources/agent-guides/freya/design-system.md","3f9047fc142dc8a7c5600bba34e5a756a8a9f58a87e4fe1cb203d0f4812c2939"
"md","design-system-guide","wds","wds/workflows/wds-7-design-system/data/design-system-guide.md","008c834d9f22cd2b8556025eaa216b62437dcb6e54125d68937e18db1fd3719f"
"md","design-templates","wds","wds/workflows/wds-8-product-evolution/data/design-templates.md","b7d6eae2122c64bf833574a304c54756415aa242fe270fcabf46c18713968d9f"
"md","design-tokens.template","wds","wds/workflows/wds-0-project-setup/resources/wds-7-design-system/templates/design-tokens.template.md","8eefe815b7e3e18772421c7bb7176688824d4fbeb12d9f01eba10eef241f619e"
"md","design-tokens.template","wds","wds/workflows/wds-7-design-system/templates/design-tokens.template.md","8eefe815b7e3e18772421c7bb7176688824d4fbeb12d9f01eba10eef241f619e"
"md","DEV-MODE-GUIDE","wds","wds/workflows/wds-5-agentic-development/templates/components/DEV-MODE-GUIDE.md","08c3aecc02a40b6b8ca77f08fcfbdeb1244525e12a2ac1f415d0c6ef9e5dc9d4"
"md","diagnostic-report-template","wds","wds/workflows/wds-4-ux-design/templates/diagnostic-report-template.md","aee1a20cb0c028852f8fd5472a350ac51f4e68fd8a1e501115cc034b68d4c944"
"md","discovery-conversation","wds","wds/data/agent-guides/saga/discovery-conversation.md","1cc2291137deae82c2e7d82cfadf6e3a855fa05331543c0bd7ae3a0b21d947a2"
"md","dream-up-approach","wds","wds/data/agent-guides/saga/dream-up-approach.md","5e895cff2bfd62976c0eefc840ce1b7635f0dfb9711e1c8195bc983d7e14487f"
"md","ecommerce-example","wds","wds/workflows/wds-4-ux-design/data/scenario-init/examples/ecommerce-example.md","9dad842cdb0f29c436f2ecfe1ab252057f933010dcc9e3e03f4d051c8e341d82"
"md","editorial","wds","wds/workflows/wds-6-asset-generation/data/styles/design-styles/editorial.md","74f09709204df38f462aa02e4eb69a5325c99d7b84db632f7b0aa40164f2cba9"
"md","EXECUTION-PRINCIPLES","wds","wds/workflows/wds-5-agentic-development/data/guides/EXECUTION-PRINCIPLES.md","32c10b8e33d927cae7e0deb6cc11eaa505f046af3f69b01e9e5a4ea1b4af1457"
"md","existing-product-guide","wds","wds/workflows/wds-8-product-evolution/data/existing-product-guide.md","896a69bc5b957f2ec807024d01a6281bae2b85c73cb49bc82d7c0ccbdddf581c"
"md","feature-impact.template","wds","wds/workflows/wds-0-project-setup/resources/wds-2-trigger-mapping/templates/feature-impact.template.md","7846611f85ca8ba5677a3845629ed535da8c50d41551c4f6061c153d9264f885"
"md","feature-impact.template","wds","wds/workflows/wds-2-trigger-mapping/templates/feature-impact.template.md","7846611f85ca8ba5677a3845629ed535da8c50d41551c4f6061c153d9264f885"
"md","FEEDBACK-PROTOCOL","wds","wds/workflows/wds-5-agentic-development/data/guides/FEEDBACK-PROTOCOL.md","5c35333c45b2b3baf7ad6fbb4bdc7acfc32825e2fb399041e0ff4334bf8cf6a3"
"md","figma-component-structure","wds","wds/data/design-system/figma-component-structure.md","35e6e2b70a0e5d058428cf1b4958df6443889cf6d729be4b1e37f6d9dfce979e"
"md","figma-designer-guide","wds","wds/workflows/wds-6-asset-generation/data/figma-designer-guide.md","e5ce0f5e55b50d1b166f98372b888671e0e3bb466954e4c30751a8e19f5a9758"
"md","figma-integration-guide","wds","wds/workflows/wds-6-asset-generation/data/figma-integration-guide.md","e1547e3c7c894b7547d8faad96f442b4d8c6f4335cd6a7a6410d92bc4862ce15"
"md","figma-integration-summary","wds","wds/workflows/wds-6-asset-generation/data/figma-integration-summary.md","08232b64b9e02126f06286f9ccfb98b5f8e3d091b008f3648faa4d5e20135517"
"md","figma-mcp-integration","wds","wds/workflows/wds-6-asset-generation/data/figma-mcp-integration.md","6088bee3babec768c6c531ead5bcc3264bbf17a96db466abf1929650965e8108"
"md","figma-plugin-setup","wds","wds/workflows/wds-6-asset-generation/data/figma-plugin-setup.md","cd9f8cc89c393e5a5ca052bf10e4d229072f8467da1f7fe3b1b8b0fd055e8212"
"md","figma-spec-preparation","wds","wds/workflows/wds-6-asset-generation/data/figma-spec-preparation.md","320aea9fb70daed94ba28b0259da0f0705b09ba327f66d21ef64eb5640baec5b"
"md","FILE-INDEX","wds","wds/workflows/wds-5-agentic-development/data/guides/FILE-INDEX.md","d586333325d3621598edd3423e7e7c354fdcc39e6eb5f4f1a77098e7a487c6af"
"md","flat-design","wds","wds/workflows/wds-6-asset-generation/data/styles/content-styles/flat-design.md","5bcd4d547fc1058ca02a59f42bb692a26c69dd444d1039952158142b1387f0e8"
"md","flow-a-sketch","wds","wds/workflows/wds-4-ux-design/data/page-creation-flows/flow-a-sketch.md","0f16e89c807969478cf00fc2e22cb5b5aaf6e16c9aab99c376d5b3c5c5d84805"
"md","flow-b-verbal","wds","wds/workflows/wds-4-ux-design/data/page-creation-flows/flow-b-verbal.md","c89c8b7b08d74ef78ea76f79c56d90f4116e22c1cc6337ea6c78663deafa4a52"
"md","flow-c-ascii","wds","wds/workflows/wds-4-ux-design/data/page-creation-flows/flow-c-ascii.md","a2a0e544d0fdf655b710baf55bdd82abb222248d3726ee620b277c18b6f7fdca"
"md","flow-d-reference","wds","wds/workflows/wds-4-ux-design/data/page-creation-flows/flow-d-reference.md","5cefdfcd88c0cc2d7106a4590c6a06286145a2431ea5a547132752d4025b5792"
"md","flow-e-html","wds","wds/workflows/wds-4-ux-design/data/page-creation-flows/flow-e-html.md","6d33447ad6e6731d0ad7b8a9ecbf1329e4594db39b6b0c64c4254fc02a3578c3"
"md","form-validation.instructions","wds","wds/workflows/wds-4-ux-design/templates/instructions/form-validation.instructions.md","fd1becae2c7f894a90e3f68bf0279123a829f05c2d965308ca71cc6af65c5971"
"md","freya-how-i-help","wds","wds/data/presentations/freya-how-i-help.md","d99869ea2907660e6baa6966b05c62dfabb8b78dee63f1463da0f2553b36453e"
"md","freya-intro","wds","wds/data/presentations/freya-intro.md","8363f6329ec630fc4c1cfc34eaa5ea4a9b3a5a0b49a605faa7153e0694d95efa"
"md","freya-presentation","wds","wds/data/presentations/freya-presentation.md","d7baa05c3a0dd851c8e073db2a18f6e4d117bc9ed80e33005ef67a21d5487916"
"md","freya-workflows-guide","wds","wds/data/presentations/freya-workflows-guide.md","07eb2319c32d5deceb8642e12e3e7f13dadb25d4c2aca5daa10168d6ebf700e9"
"md","freya.activation","wds","wds/skills/freya.activation.md","fdb9b51fbc4931b079c2f0b50f7ecaf38b2fb13898c3f5d9dd28d131977a7f2b"
"md","handoff-dialog-scripts","wds","wds/workflows/wds-4-ux-design/data/handoff-dialog-scripts.md","e0ebbd47e8d5873e218797764a2828aea50f07464702005101a6e39a42f3a4f6"
"md","heading-text","wds","wds/workflows/wds-4-ux-design/data/object-types/templates/heading-text.md","788f834bfbb1f811c73ef4ce1739f80a1a6da445a28ce84b0e63bd7f8458ddc7"
"md","HTML-VS-VISUAL-STYLES","wds","wds/workflows/wds-4-ux-design/data/guides/HTML-VS-VISUAL-STYLES.md","3816ff81a52096727bf1c13cd328b59f042f27936ebcf0a6eaf912ecf48cf045"
"md","hyper-realistic","wds","wds/workflows/wds-6-asset-generation/data/styles/content-styles/hyper-realistic.md","59cb712d7e0cf991680ebda9faadcf987eee23774c5bf2243589d474e8435ed4"
"md","illustration","wds","wds/workflows/wds-6-asset-generation/data/styles/content-styles/illustration.md","98aca4effcb8f54ba40837fc80f42c1f24a9fda4227501d08a341008349fbb58"
"md","image","wds","wds/workflows/wds-4-ux-design/data/object-types/templates/image.md","ea70963752e92e724302911d12b2de85e8a0683790f4fa81942ab576e1fd5e5f"
"md","INLINE-TESTING-GUIDE","wds","wds/workflows/wds-5-agentic-development/data/guides/INLINE-TESTING-GUIDE.md","4f5c174206ce81d2a5baba7d91dd64f076295aaa90d338e129b3a1da7da24fba"
"md","inspiration-analysis","wds","wds/data/agent-guides/saga/inspiration-analysis.md","ea03ca51a97a5f8e943ba47a8e5167a3b13a8a97553814fd1433885cfd29c9d3"
"md","inspiration-analysis.template","wds","wds/workflows/wds-0-project-setup/resources/wds-1-project-brief/templates/inspiration-analysis.template.md","f62be974c09cdabdd59d507a20e69c91986aca522af2644002c0bbbd1838fcae"
"md","inspiration-analysis.template","wds","wds/workflows/wds-1-project-brief/templates/inspiration-analysis.template.md","f62be974c09cdabdd59d507a20e69c91986aca522af2644002c0bbbd1838fcae"
"md","isometric","wds","wds/workflows/wds-6-asset-generation/data/styles/content-styles/isometric.md","ad35a9f3ceab461e3b76eca8fc64d43f9962151fc213f442368cca46501a0012"
"md","issue-templates","wds","wds/workflows/wds-5-agentic-development/data/issue-templates.md","4cbae51dddf190e1a8b64c6760a434e8cf6f0963b15001c8c64b49a23ab2ae2b"
"md","kaizen-iteration-guide","wds","wds/workflows/wds-8-product-evolution/data/kaizen-iteration-guide.md","0cf8a8299fabb3316e243a8ee88e62f30df6b4543cf6f563d8e0acdb65e76b7d"
"md","kaizen-principles","wds","wds/workflows/wds-8-product-evolution/data/kaizen-principles.md","d9a546ababc0f4f54e4e2b47a55ba4e0a1eaba8df757a3c1f4f548a2212c077b"
"md","key-insights-structure","wds","wds/workflows/wds-2-trigger-mapping/data/key-insights-structure.md","232f3e5a7b52b24a87b6e862981a3685712cd308ff951a25df99049ad125aa19"
"md","lightweight-page-template","wds","wds/workflows/wds-4-ux-design/data/page-creation-flows/lightweight-page-template.md","45ea31989a452a1ab34bba94d2cb42413a2442396383708fe820e67dcc4bbefb"
"md","line-art","wds","wds/workflows/wds-6-asset-generation/data/styles/content-styles/line-art.md","25cca2557218d42079d8ebb563899858efbd816404621c9b78795c357b638f4b"
"md","link","wds","wds/workflows/wds-4-ux-design/data/object-types/templates/link.md","480a6ab3b9fa34f0946047ac70a57721fedf4644384d7537d88f71e502dca819"
"md","mcp-server-integration","wds","wds/workflows/wds-6-asset-generation/data/mcp-server-integration.md","6c6cf90d098ad7d0d24127abe6faf510e0115b5369f53b87bb8fcfb59fdadb65"
"md","mermaid-formatting-guide","wds","wds/workflows/wds-2-trigger-mapping/data/mermaid-formatting-guide.md","83cd57528594396ea4fddc1b628e31165e9772e2fa7f7585699c339758fa328e"
"md","meta-content-guide","wds","wds/data/agent-guides/freya/meta-content-guide.md","9332950955043a929aa46203a604336f0a31a9434d2586ba90c90644e913eadb"
"md","meta-content.instructions","wds","wds/workflows/wds-4-ux-design/templates/instructions/meta-content.instructions.md","0f10614e6f66130045881543ee5a770dd9c7c3121b4c21cb88d5c16316eea7d0"
"md","mimir-agents-overview","wds","wds/data/presentations/mimir-agents-overview.md","2fc34438b113e86710d52ce06363e9ab1e74b9267dc2125de439e9712d596a7e"
"md","mimir-tone-setting","wds","wds/data/presentations/mimir-tone-setting.md","d91a4b1254d25cd2fc8585cfcb8025a397e3fa1224373e7728ceb5f697367d55"
"md","minimal","wds","wds/workflows/wds-6-asset-generation/data/styles/design-styles/minimal.md","af0bb5711d221fe85faf0dfe59a1f15db2a1a05513996f85e1b58c49b24f79cf"
"md","monitoring-guide","wds","wds/workflows/wds-8-product-evolution/data/monitoring-guide.md","f83c4c2475e86d01b8a38cce63d8548ab5ffdc734b269da8373ee7190771af89"
"md","monitoring-templates","wds","wds/workflows/wds-8-product-evolution/data/monitoring-templates.md","a7270170ffbdc68c9c4b40704d01e47a37877287b81ec78716e58aa88ecd4444"
"md","naming-conventions","wds","wds/data/design-system/naming-conventions.md","dda71964bcc862788458be035e6cc1d74b47500030507dd7dee67eccd22744bf"
"md","NANO-BANANA-PROMPT-GUIDE","wds","wds/workflows/wds-4-ux-design/data/guides/NANO-BANANA-PROMPT-GUIDE.md","4ca9708677652996e2d20c567bb955d344411ad130e7c381e94166a21dc2a53f"
"md","object-router","wds","wds/workflows/wds-4-ux-design/data/object-types/object-router.md","60742ce6db8f924d01d66b5ffa6934894a560a69b11b3988c6158c4bde6a28dc"
"md","open-questions.instructions","wds","wds/workflows/wds-4-ux-design/templates/instructions/open-questions.instructions.md","41e7ab05bfd97df27bce395e25e30ea379600dd1b32d6df90b79ab190cf98925"
"md","organic","wds","wds/workflows/wds-6-asset-generation/data/styles/design-styles/organic.md","fb29ed154269ed4c25ac53333eb26e59608a1bb2fef7e8405ce493df769b0012"
"md","page-init-lightweight","wds","wds/workflows/wds-4-ux-design/data/page-creation-flows/page-init-lightweight.md","70c8143cb67ac4d5a78cdef667933dccf9ad866dd811da9f7e75483329ca94be"
"md","page-process-templates","wds","wds/workflows/wds-4-ux-design/data/page-creation-flows/page-process-templates.md","e935e2c2ec6baab831c7cfdaa99701baaaf6a993db7e18a93b4df6ca4bf3ff06"
"md","page-specification-workflow","wds","wds/workflows/wds-4-ux-design/data/modular-architecture/02-workflows/page-specification-workflow.md","635667691b6080f488625c755a897caa7e84be42494c31b9f9a38b9e6fb17a7f"
"md","page-specification.template","wds","wds/workflows/wds-0-project-setup/resources/wds-4-ux-design/templates/page-specification.template.md","7c485f66bc310397d6e22c42b3f1744f657cf0d58a8b06e1a434a79cdd573f5d"
"md","page-specification.template","wds","wds/workflows/wds-4-ux-design/templates/page-specification.template.md","7c485f66bc310397d6e22c42b3f1744f657cf0d58a8b06e1a434a79cdd573f5d"
"md","pencil-sketch","wds","wds/workflows/wds-6-asset-generation/data/styles/content-styles/pencil-sketch.md","744d2be58f337e4344e19a4952cd1488a00f488523c4a5332f7f174b2336bb79"
"md","persona-document.template","wds","wds/workflows/wds-0-project-setup/resources/wds-2-trigger-mapping/templates/persona-document.template.md","098224dcf4eeea73c850e95f912ca9455f2c852f79e544b2947c4485807b92c6"
"md","persona-document.template","wds","wds/workflows/wds-2-trigger-mapping/templates/persona-document.template.md","098224dcf4eeea73c850e95f912ca9455f2c852f79e544b2947c4485807b92c6"
"md","photorealistic","wds","wds/workflows/wds-6-asset-generation/data/styles/content-styles/photorealistic.md","80d47d8b91d5b713af1ca4be84f533c591eb35b1ee59573a2c21d47437877f4a"
"md","pitch.template","wds","wds/workflows/wds-0-project-setup/resources/wds-1-project-brief/templates/pitch.template.md","2944e209ec189f6a2aa7b69b8d497864cb161a2526aaa3a3a6baff58e8dd8aa4"
"md","pitch.template","wds","wds/workflows/wds-1-project-brief/templates/pitch.template.md","2944e209ec189f6a2aa7b69b8d497864cb161a2526aaa3a3a6baff58e8dd8aa4"
"md","placeholder-templates","wds","wds/workflows/wds-4-ux-design/data/page-creation-flows/placeholder-templates.md","34070e53b185ee3daab9f871860b6a654b34b5e8a3fd5e162da96c36eba43eb8"
"md","platform-requirements.template","wds","wds/workflows/wds-0-project-setup/resources/wds-1-project-brief/templates/platform-requirements.template.md","16cee156c72e7b945ebd6b2d4dda05c46dc0557b7108ed25b35e777902603153"
"md","platform-requirements.template","wds","wds/workflows/wds-1-project-brief/templates/platform-requirements.template.md","16cee156c72e7b945ebd6b2d4dda05c46dc0557b7108ed25b35e777902603153"
"md","playful","wds","wds/workflows/wds-6-asset-generation/data/styles/design-styles/playful.md","13b1a2714235474734660b27ca63bcbc679eb616b53f492534bfad7bc629cb40"
"md","positioning-explore","wds","wds/workflows/wds-1-project-brief/data/positioning-explore.md","e96c69b7a4ec67c91a8297cc9b18a2fa58b837e0ece493e78fa1c9218f040a55"
"md","positioning-open-conversation","wds","wds/workflows/wds-1-project-brief/data/positioning-open-conversation.md","461b38ded57ed47878f028297bb283309d36578aeba8d44fc06f9a6509983d08"
"md","positioning-reflect-confirm","wds","wds/workflows/wds-1-project-brief/data/positioning-reflect-confirm.md","d7ee0ebcef32ba904cfdf1cc7a97b5003ec6ce44d1ca121bd6673cd9d1d42df1"
"md","positioning-synthesize","wds","wds/workflows/wds-1-project-brief/data/positioning-synthesize.md","f1f4daf3a99649cc744c367171e3c13ae1ab5dd0a267fbf109e62d5ce264abcb"
"md","progress-tracker","wds","wds/workflows/wds-0-project-setup/resources/wds-1-project-brief/templates/project-brief-dialog/progress-tracker.md","d9bb6e8c079bb905e72fb77ffb2ad0f8c024a444266b9d080174f9afded06816"
"md","progress-tracker","wds","wds/workflows/wds-1-project-brief/templates/project-brief-dialog/progress-tracker.md","d9bb6e8c079bb905e72fb77ffb2ad0f8c024a444266b9d080174f9afded06816"
"md","project-brief.template","wds","wds/data/agent-guides/saga/resources/project-brief.template.md","9551ef08d1126f9c1c9c729898299f5ca28f46af125b5920ccfb2e133232bf9c"
"md","project-brief.template","wds","wds/workflows/wds-0-project-setup/resources/wds-1-project-brief/templates/project-brief.template.md","9551ef08d1126f9c1c9c729898299f5ca28f46af125b5920ccfb2e133232bf9c"
"md","project-brief.template","wds","wds/workflows/wds-1-project-brief/templates/project-brief.template.md","9551ef08d1126f9c1c9c729898299f5ca28f46af125b5920ccfb2e133232bf9c"
"md","PROTOTYPE-ANALYSIS","wds","wds/workflows/wds-5-agentic-development/data/guides/PROTOTYPE-ANALYSIS.md","f328d1dc206a34e6f0c82593ff844f7a0460ecf46a550c2b018f10d7e602481f"
"md","PROTOTYPE-INITIATION-DIALOG","wds","wds/workflows/wds-5-agentic-development/data/guides/PROTOTYPE-INITIATION-DIALOG.md","884afc687e0ed713c88b5baa4ba829eb7f6a3f692c0778e7a5cc03f50f1f5395"
"md","PROTOTYPE-ROADMAP-template","wds","wds/workflows/wds-5-agentic-development/templates/PROTOTYPE-ROADMAP-template.md","14cf256647195d56ef1158e2b7c42bdf5eed6f1f070f39a9b437dfb453f087a0"
"md","prototype-to-figma-workflow","wds","wds/workflows/wds-6-asset-generation/data/prototype-to-figma-workflow.md","9cbaba00133b33d22972f2a2552faa0427d3ae0ca80ff79e871edc2fc34c7630"
"md","quality-checklist","wds","wds/workflows/wds-2-trigger-mapping/data/quality-checklist.md","ee33eb6b994764e2e469ec4a30f92c67ec0184c6e502c57480513dd350084d48"
"md","quality-checklist","wds","wds/workflows/wds-3-scenarios/data/quality-checklist.md","3d44a3b2dd7b99f7876554a05ac89cfb5273d3a073dd54319c64ca7454c5c96c"
"md","quality-guide","wds","wds/workflows/wds-4-ux-design/data/quality-guide.md","61134e869f8913332408b7e525d5b16ee9e0424ada98fc417d05b5689ba0e268"
"md","responsive.instructions","wds","wds/workflows/wds-4-ux-design/templates/instructions/responsive.instructions.md","eb1a975e9595341d5f66736d830c5c21becd41e11f613cdbdccabd1444f367c4"
"md","ROUTER-FLOW-DIAGRAM","wds","wds/workflows/wds-4-ux-design/data/object-types/ROUTER-FLOW-DIAGRAM.md","80572e614c01bc8d986ad3bba5272415cef6b14b05401624dab0a5a9fd5be4c9"
"md","saas-example","wds","wds/workflows/wds-4-ux-design/data/scenario-init/examples/saas-example.md","07d827fc85a6c86aa1352a7858b6d690d531d7a1296880f3f04009b89c67a279"
"md","saga-how-i-help","wds","wds/data/presentations/saga-how-i-help.md","c683061b95d1345a986a546ac5c967370cd4da4212df40d106efe3d1c6f489ca"
"md","saga-intro","wds","wds/data/presentations/saga-intro.md","d99f19f760fd9e8cfc478f88e189bc2209b5d7dca4cd8a5e480d5505e99cc4c4"
"md","saga-presentation","wds","wds/data/presentations/saga-presentation.md","8cedf2cc1edd9d0b571deda8e68d6b300768969431449d32c6291ba0ad945024"
"md","saga-workflows-guide","wds","wds/data/presentations/saga-workflows-guide.md","37952e3a5d29fe86c2574bcf3ed54faf2d28d34628787307b9dfcf26c05621d2"
"md","saga.activation","wds","wds/skills/saga.activation.md","773cebdfc12a0b6a7e6b81d374544c2874df1380bb297b6112def82a329f3b27"
"md","scenario-init-dialog","wds","wds/workflows/wds-4-ux-design/data/scenario-init/scenario-init-dialog.md","05ac257ebfde9234fd39b9f3bc59bb368815129f82993f14fa77e19642e893ee"
"md","scenario-init-guide","wds","wds/workflows/wds-4-ux-design/data/scenario-init/scenario-init-guide.md","5f725abf3fbeab6e1270ecb2d94f9d8b880b33d896937210d7b6040c688067e9"
"md","scenario-init-process","wds","wds/workflows/wds-4-ux-design/data/scenario-init/scenario-init-process.md","355c38688d97832ad2519e31cd93c6bff29476887ca8b3176d1e32aa1ca20688"
"md","scenario-outline-template","wds","wds/workflows/wds-3-scenarios/data/scenario-outline-template.md","4450a716646a625898b149c3b9828ae51b3e81c8ad80258b99bb251648e36313"
"md","scenario-overview.template","wds","wds/workflows/wds-0-project-setup/resources/wds-4-ux-design/templates/scenario-overview.template.md","83c2f962c6d48eaa8989287d269a80a468c063a390c43cbfa4fda822be7a5f57"
"md","scenario-overview.template","wds","wds/workflows/wds-4-ux-design/templates/scenario-overview.template.md","83c2f962c6d48eaa8989287d269a80a468c063a390c43cbfa4fda822be7a5f57"
"md","seo-content.instructions","wds","wds/workflows/wds-4-ux-design/templates/instructions/seo-content.instructions.md","55c70a2aaf2739e985f19af97a2d236286090f507b71e55833db3fa311998cba"
"md","seo-strategy-guide","wds","wds/data/agent-guides/saga/seo-strategy-guide.md","8bcf7b97bac49db41adb582e76821b1e19d0f44a76571bfb959cc6322d6c4e64"
"md","SEO-VALIDATION-GUIDE","wds","wds/workflows/wds-5-agentic-development/data/guides/SEO-VALIDATION-GUIDE.md","5c59e6c14ab4982c8f9ead353c225112862516a371c7725a5eb96e2884e5c155"
"md","service-agreement.template","wds","wds/workflows/wds-0-project-setup/resources/wds-1-project-brief/templates/service-agreement.template.md","d352e27bf2bc2311020572d5ea04cba737b50b33bfdc80cc28dd12ebe3d8903c"
"md","service-agreement.template","wds","wds/workflows/wds-1-project-brief/templates/service-agreement.template.md","d352e27bf2bc2311020572d5ea04cba737b50b33bfdc80cc28dd12ebe3d8903c"
"md","SESSION-PROTOCOL","wds","wds/workflows/wds-5-agentic-development/data/guides/SESSION-PROTOCOL.md","28b9736823acfef4d83abc564bf82b880d271a629e9aa9a1799e68a946d39fbc"
"md","signoff.template","wds","wds/workflows/wds-0-project-setup/resources/wds-1-project-brief/templates/signoff.template.md","48d368263788a6b8f2d809b8c321bdd0ba3d72af0d0124ca5d9876fcfe0e99ed"
"md","signoff.template","wds","wds/workflows/wds-1-project-brief/templates/signoff.template.md","48d368263788a6b8f2d809b8c321bdd0ba3d72af0d0124ca5d9876fcfe0e99ed"
"md","simplified-brief.template","wds","wds/workflows/wds-0-project-setup/resources/wds-1-project-brief/templates/simplified-brief.template.md","5ee5784db28943bf0ca5536f04e7e72e35c7d1ce395d5c7375b6d7080c37a38f"
"md","simplified-brief.template","wds","wds/workflows/wds-1-project-brief/templates/simplified-brief.template.md","5ee5784db28943bf0ca5536f04e7e72e35c7d1ce395d5c7375b6d7080c37a38f"
"md","SKETCH-TEXT-ANALYSIS-GUIDE","wds","wds/workflows/wds-4-ux-design/data/guides/SKETCH-TEXT-ANALYSIS-GUIDE.md","4710b9483e6b5e48de07d80362f805976ac99386a8d0b8510355194924657658"
"md","SKETCH-TEXT-QUICK-REFERENCE","wds","wds/workflows/wds-4-ux-design/data/guides/SKETCH-TEXT-QUICK-REFERENCE.md","999006df2b7cd8f8958138cd84878f0f20cb25bccf028438c7d91047f9bf5583"
"md","SKILL","wds","wds/agents/wds-agent-freya-ux/SKILL.md","79248db6ad67d3bdc4bcd3453a221446323f6224027982cf8ec593aa5880e180"
"md","SKILL","wds","wds/agents/wds-agent-saga-analyst/SKILL.md","6d98de601ca619d2080a4c8ead189b7c9c922d0f7c1195cbf9965641676a40b5"
"md","SKILL","wds","wds/workflows/wds-0-alignment-signoff/SKILL.md","27c621e85d06ceb03271aedc190979c6f0c498430226f6d45fb2837caa103d2c"
"md","SKILL","wds","wds/workflows/wds-0-project-setup/SKILL.md","2d9e6a2009f0b50387276ef74343d32bb3d3d375413a4becacb57c586a2da51a"
"md","SKILL","wds","wds/workflows/wds-1-project-brief/SKILL.md","c8b55938fd0461c8b5add0c2fb8eb0cc660a1bc19924955f7aae5721d6694acc"
"md","SKILL","wds","wds/workflows/wds-2-trigger-mapping/SKILL.md","6f42365384514fa3e171fc3bac11dbab4dacc644b9d7ec1a055ded55d61f1118"
"md","SKILL","wds","wds/workflows/wds-3-scenarios/SKILL.md","183b253067d40d2a732b63452cc8604369d3f27704a750fbdfd1697bdd722d07"
"md","SKILL","wds","wds/workflows/wds-4-ux-design/SKILL.md","df774b9a253b1661786419a66cb03d58b778ecf3c0628182292b64b3ec02b7c0"
"md","SKILL","wds","wds/workflows/wds-5-agentic-development/SKILL.md","912705a4befd01b48a113bb7f5df92ed60b28b78c12e5069fe5970b40bc05f8b"
"md","SKILL","wds","wds/workflows/wds-6-asset-generation/SKILL.md","323c475cef2441cc2ec09a49a8afc0401a3e2a0ed742fb4781f5c236143cd839"
"md","SKILL","wds","wds/workflows/wds-7-design-system/SKILL.md","8acd610b34c6ccc1cb55ddd9dea2042ea5eb1e52e6874979ca5eb29c891fb092"
"md","SKILL","wds","wds/workflows/wds-8-product-evolution/SKILL.md","295d5ab6f0977ccb9a9a94b43125aa681739b34e6dbdbcc957554f6917fd59ef"
"md","specification-audit-workflow","wds","wds/workflows/wds-4-ux-design/data/specification-audit-workflow.md","9ccb851d7679c27e4080e283987d5eeca056a31955c94c5a923a97e55f312111"
"md","specification-quality","wds","wds/data/agent-guides/freya/specification-quality.md","df4b6d01eee761eae44229c82122117680c39cbf16dc390ec6ac823c186fb9ef"
"md","specification-quality","wds","wds/workflows/wds-0-project-setup/resources/agent-guides/freya/specification-quality.md","ca1dbe8ce4fd0d93382498b611b45bf39e331bd08baf0fcf45499dcdc6d531a1"
"md","start","wds","wds/skills/start.md","b5544fa40e6317913175e05cc81c7b9858a863f2286b9f3086a2a56812a632cb"
"md","state-management","wds","wds/data/design-system/state-management.md","b0647af582ac68b65064f8069ef1b3cfc04c657212acf6f5eac2cf1742b0429e"
"md","step-00-define-purpose","wds","wds/workflows/wds-6-asset-generation/steps-c/step-00-define-purpose.md","878662db42d1e0e60887d42d243818f9a70c4c80a0a1d963494cc47ddd2cb81a"
"md","step-00-nb-setup","wds","wds/workflows/wds-4-ux-design/steps-w/step-00-nb-setup.md","6acf9f14606e33df05825a8aaa3788d39efcc3b070d12bc53eb607579e1a323b"
"md","step-00-simplified-brief","wds","wds/workflows/wds-1-project-brief/steps-c/step-00-simplified-brief.md","59c9a1d4915146da9eb1015bd240540e64e6d4f0084af6f4c94c2de2428368db"
"md","step-00a-documentation-synthesis","wds","wds/workflows/wds-2-trigger-mapping/steps-c/step-00a-documentation-synthesis.md","0b3c757799b8b7f8a5a8aaad2e01af37ee9175b33ebf585dffd3281501bd30b4"
"md","step-00b-business-goals-extract","wds","wds/workflows/wds-2-trigger-mapping/steps-c/step-00b-business-goals-extract.md","d1f38fc337de4e315c90e034f63e8968eef9f58f3aa66f98962d49f63a5201fa"
"md","step-00c-target-groups-extract","wds","wds/workflows/wds-2-trigger-mapping/steps-c/step-00c-target-groups-extract.md","cd49f020f1ad46bd8303729c0da967efb461bd972f4923a57c3ccb4cae4190f5"
"md","step-00d-driving-forces-extract","wds","wds/workflows/wds-2-trigger-mapping/steps-c/step-00d-driving-forces-extract.md","cb2bc2c4a8bede93e4cdabcaddbbcb878feaab8d1cdc20523621f4c38f3f757f"
"md","step-00e-prioritization-extract","wds","wds/workflows/wds-2-trigger-mapping/steps-c/step-00e-prioritization-extract.md","542252af255cf268e720fbd5c51f4865724027e657ae531e15d046f56b358202"
"md","step-00f-gap-analysis","wds","wds/workflows/wds-2-trigger-mapping/steps-c/step-00f-gap-analysis.md","d2ba1de3a481d07040d4b1c9199ad0c6149dd8f8851ddf7a799b36c8315bd3f8"
"md","step-01-brief-completeness","wds","wds/workflows/wds-1-project-brief/steps-v/step-01-brief-completeness.md","beb834e4b1e399e6846c94c1409cb5254188cfc66322947e009a39f8b158a7cf"
"md","step-01-connection-check","wds","wds/workflows/wds-6-asset-generation/steps-f/step-01-connection-check.md","339662a07661540218be0a02455ef532cf33707252ab29732b8562aade544a6f"
"md","step-01-core-feature","wds","wds/workflows/wds-4-ux-design/steps-s/step-01-core-feature.md","12bbe15ec35c0fa435c0645712f358c2f6f8095316b0f2f5b1e086def2c1caf3"
"md","step-01-create-delivery","wds","wds/workflows/wds-8-product-evolution/steps-p/step-01-create-delivery.md","0fb5df051f75ab79a0aed46572ea6c46bb37a727a103c89e57f370b9151c1ec4"
"md","step-01-define-question","wds","wds/workflows/wds-5-agentic-development/steps-a/step-01-define-question.md","9e61ce03c72657adddf91322ba7c859a7a988e376f0e47a6e059555e29342794"
"md","step-01-design-update","wds","wds/workflows/wds-8-product-evolution/steps-d/step-01-design-update.md","451433fff17ca02511bba9cd3f3ff9304311f987f2f0e1748c75087eefb31157"
"md","step-01-detect-completion","wds","wds/workflows/wds-4-ux-design/steps-h/step-01-detect-completion.md","534b0af29956ef26a14c6000a3604b3ae99174b0e4180f427f94047550b25114"
"md","step-01-exploration","wds","wds/workflows/wds-4-ux-design/steps-c/step-01-exploration.md","1a9a29ea604b17282ad0542e28031ad7ec5dcee89a148cd530bf705cd2c83785"
"md","step-01-identify","wds","wds/workflows/wds-8-product-evolution/steps-a/step-01-identify.md","64b79a0024a15a3d8434d4732b64acde4cfd78fc8d259a2a161d53caf778d930"
"md","step-01-identify-target","wds","wds/workflows/wds-5-agentic-development/steps-r/step-01-identify-target.md","c9c53ed1ca33f522c9c3248e3bb69febb8f36e9b6b35f0fb4d3988133393e873"
"md","step-01-init","wds","wds/workflows/wds-1-project-brief/steps-c/step-01-init.md","07227254778c7b55cc5796f6cc3a2980960373c713af574db9cb360285c62013"
"md","step-01-load-context","wds","wds/workflows/wds-3-scenarios/steps-c/step-01-load-context.md","2604da6dfaecf43d749441ca3249e708ed6d4b34e43f22cb13be54cd17a391d9"
"md","step-01-load-context","wds","wds/workflows/wds-6-asset-generation/steps-i/step-01-load-context.md","a191752975a5e4086b3d3110ecd8f6020cc76d0375e56e7eedc94529577427a0"
"md","step-01-load-context","wds","wds/workflows/wds-6-asset-generation/steps-m/step-01-load-context.md","4e19f6202a271afddec97cd472d1d12da8570f8a20b5241545d00725c7f6eddd"
"md","step-01-load-context","wds","wds/workflows/wds-6-asset-generation/steps-p/step-01-load-context.md","85f83635ff0556d991e87947f936fab5420404d84b73c8f38c1c5e142048bbcb"
"md","step-01-load-context","wds","wds/workflows/wds-6-asset-generation/steps-u/step-01-load-context.md","87964242daf36ffc7332204b0f0912bbc9475eeb71ad5433da7ef39c8a5aa5ef"
"md","step-01-load-context","wds","wds/workflows/wds-6-asset-generation/steps-v/step-01-load-context.md","532d5bed2da3b0215a69e4e5ad4f92bdf8150cc82810e11d4e4f6045971ad248"
"md","step-01-load-context","wds","wds/workflows/wds-6-asset-generation/steps-w/step-01-load-context.md","73421e3a92a0cfb3c390c8e9b15e0a3986248d1ba0cc64b8b4005230bbcdce96"
"md","step-01-load-trigger-map-context","wds","wds/workflows/wds-6-asset-generation/steps-c/step-01-load-trigger-map-context.md","ebbaaa626df870c00fdf2a9a0e91711660520bca460528ed310df1786436dced"
"md","step-01-overview","wds","wds/workflows/wds-2-trigger-mapping/steps-c/step-01-overview.md","b08425ae9ad2d444d26f9a46bc327c6a4ab43c7e23c81f96a613f698c43e9a31"
"md","step-01-page-basics","wds","wds/workflows/wds-4-ux-design/steps-p/step-01-page-basics.md","cd429500c6f0b868571940555cfd3854b7e4f43c8daabbe42fac4e1dd55cd657"
"md","step-01-page-metadata","wds","wds/workflows/wds-4-ux-design/steps-v/step-01-page-metadata.md","bc3cdef33e7d0b3d604ae467e900483e33b7f52ac1064ab4016222037418b66c"
"md","step-01-prepare","wds","wds/workflows/wds-5-agentic-development/steps-t/step-01-prepare.md","af73f0c4819a64548e496beb14d9c9c8c57200754e4697fa7b6d83b4d613585c"
"md","step-01-reproduce","wds","wds/workflows/wds-5-agentic-development/steps-f/step-01-reproduce.md","ca8245f3dc13e03d0c2dca6b0b35a5ec17a50aea7c90203df091cd245e5d0827"
"md","step-01-review-current","wds","wds/workflows/wds-4-ux-design/steps-m/step-01-review-current.md","7ab220cb8655fbd663dff54a7ed1eceda396101f8e8f255b790ede517363cc55"
"md","step-01-scan-existing","wds","wds/workflows/wds-7-design-system/steps-c/step-01-scan-existing.md","857bbf2fe9b472f8b7cee80ccd170e808dbb77a4d65641e55047e52cccddd6be"
"md","step-01-scenario-coverage","wds","wds/workflows/wds-3-scenarios/steps-v/step-01-scenario-coverage.md","a2b9e923f99bad774f04d8e515f97adf2bb194ff2668ba9454ca8b7361fd6453"
"md","step-01-scope-and-plan","wds","wds/workflows/wds-5-agentic-development/steps-d/step-01-scope-and-plan.md","b6b7de1ae908bde72ad54f6ddcbccdcac335b4c93d693cd2d45ce4d825966c97"
"md","step-01-scope-change","wds","wds/workflows/wds-5-agentic-development/steps-e/step-01-scope-change.md","649d1110f156ead2406560003793dd7c99d9c7e8bd71425067c11b6926e3c0de"
"md","step-01-sketch-analysis","wds","wds/workflows/wds-4-ux-design/steps-k/step-01-sketch-analysis.md","10dc1fbe8c899c66ef01c56c5d1b23f0fe1a3cde4ef5d2b43dfa5393eab1ee2d"
"md","step-01-target-group-coverage","wds","wds/workflows/wds-2-trigger-mapping/steps-v/step-01-target-group-coverage.md","1493599455e40c896fbe31258c33e6b5e3fa32a1667af2cbc74da31e50c77dfb"
"md","step-01-validate","wds","wds/workflows/wds-8-product-evolution/steps-t/step-01-validate.md","f3dbbe149d20cf1fa667435bd391c4687fca2733b7c1ac54d6d3de08e19ff429"
"md","step-01-visual-approach","wds","wds/workflows/wds-4-ux-design/steps-w/step-01-visual-approach.md","23416cad271ca571d03fc8cf7a03eb9cba3eed6c2680d6eacc2193c8f80eaaca"
"md","step-01-welcome","wds","wds/workflows/wds-0-project-setup/steps/step-01-welcome.md","38b7dd0a7893c5ce9a9ba1646c289b685e0186e06b7011f2b633c9ba750e608b"
"md","step-01a-understand-situation","wds","wds/workflows/wds-0-alignment-signoff/steps-c/step-01a-understand-situation.md","7b73a05e28dfa694183afea8ae43b151866ce7dfbe440a4ffd87e15c327d5534"
"md","step-01b-determine-if-needed","wds","wds/workflows/wds-0-alignment-signoff/steps-c/step-01b-determine-if-needed.md","b8a405b6d8c46fa4643cd88906fdecc4050f0e079a8242c8676a566e63ebcb81"
"md","step-01c-offer-extract","wds","wds/workflows/wds-0-alignment-signoff/steps-c/step-01c-offer-extract.md","0b8a5d7a4cb386b9270777d7a74f2bb10ac078bcc1fc71bbb1eb90bd475e0b78"
"md","step-01d-extract-info","wds","wds/workflows/wds-0-alignment-signoff/steps-c/step-01d-extract-info.md","3c907775aaa91c125f3a7207e93c9994a868c1cb8a2f7de784b1ccb997ae18cb"
"md","step-01e-detect-starting-point","wds","wds/workflows/wds-0-alignment-signoff/steps-c/step-01e-detect-starting-point.md","8f0410de878bf19f8d85a3a5a35930a0b9f06d5e33f04674ce4e00c242d00b8e"
"md","step-02-analyze-impact","wds","wds/workflows/wds-5-agentic-development/steps-e/step-02-analyze-impact.md","36825d9353f37b201af3d8f06fdc8e32e400f705cb90483eb9e58b01fbfbbf36"
"md","step-02-analyze-scope","wds","wds/workflows/wds-3-scenarios/steps-c/step-02-analyze-scope.md","f50860f8541366f075911188e064a65bc2ae43a37040f36902a18e6b20b82cf2"
"md","step-02-awareness-strategy","wds","wds/workflows/wds-6-asset-generation/steps-c/step-02-awareness-strategy.md","173c57fd273f52d7954ec1c2f170d62bd5393931313fa0de6f6fda730ea8f970"
"md","step-02-business-goals","wds","wds/workflows/wds-2-trigger-mapping/steps-c/step-02-business-goals.md","4d7d0473430e14f0995fbf2815ca1ffc992b35e6e2c41e99ad7a3fbdb200b27c"
"md","step-02-compare-attributes","wds","wds/workflows/wds-7-design-system/steps-c/step-02-compare-attributes.md","12ffc4a3063bc57cdf8cb9d18c949a1a170dd3a3b58812436df2ae78fd4836f3"
"md","step-02-create-delivery","wds","wds/workflows/wds-4-ux-design/steps-h/step-02-create-delivery.md","14a65989aaee497197b5126c7b9d57c5e45efc753f4bc13dc4ee0ad2d7328a36"
"md","step-02-define-component","wds","wds/workflows/wds-4-ux-design/steps-m/step-02-define-component.md","67884600a371ea5cc10dfc6b038bbeacb5b72852d35d414cca4a89384a7b0d59"
"md","step-02-entry-point","wds","wds/workflows/wds-4-ux-design/steps-s/step-02-entry-point.md","5040c5a9c2ecb20c82b9d348a21e47c0bafb8cd8c7e81391685adf4d3deb0b82"
"md","step-02-execute","wds","wds/workflows/wds-5-agentic-development/steps-t/step-02-execute.md","f2d486a1cc7f4a8a269e2ade1e1e98d76839c81847b86b0e427ebbea5b180f75"
"md","step-02-explore-and-capture","wds","wds/workflows/wds-5-agentic-development/steps-r/step-02-explore-and-capture.md","53a15b30d3faca69ff098449fca744c448b7ef4fedc7362deef6feb9850333cd"
"md","step-02-gather-context","wds","wds/workflows/wds-8-product-evolution/steps-a/step-02-gather-context.md","505763e15aeb8fd2d57753bc33ae367ddb108b378aee70fbb1995900ada16d1d"
"md","step-02-generate-visual","wds","wds/workflows/wds-4-ux-design/steps-w/step-02-generate-visual.md","f0181fc7c2155568ef810ca51d258d8ca4f1118cff2a6fb038f039bb706d3d1f"
"md","step-02-hand-off","wds","wds/workflows/wds-8-product-evolution/steps-p/step-02-hand-off.md","8775f330ba6739f015a66bef50e3f58a8549b86034c2753fb85052bf38ddb134"
"md","step-02-identify-export-type","wds","wds/workflows/wds-6-asset-generation/steps-f/step-02-identify-export-type.md","fc787bb881bb9079994cff02853a3709c93aa0e9782a61d9ecc23305586334d3"
"md","step-02-inventory","wds","wds/workflows/wds-6-asset-generation/steps-i/step-02-inventory.md","91d27fee0c3d6f08e944c71f4ecacf68ca7e49ff8c6b2a85519b6e91a82f15d7"
"md","step-02-inventory","wds","wds/workflows/wds-6-asset-generation/steps-m/step-02-inventory.md","3c03882ce4f372ce28fa0b3a0980dd2532ba059ed99b4b6ad139fc4910245e4a"
"md","step-02-inventory","wds","wds/workflows/wds-6-asset-generation/steps-p/step-02-inventory.md","3ba4d8f9a127a2ef51524d8746b6a04cd6f33efc22007d7bbe10e811485b3f80"
"md","step-02-inventory","wds","wds/workflows/wds-6-asset-generation/steps-u/step-02-inventory.md","2d4d079e7087c054bad65e10863e1fbae4198c4e4190b18a6371d39867a48d25"
"md","step-02-inventory","wds","wds/workflows/wds-6-asset-generation/steps-v/step-02-inventory.md","6270770a5228db2933872a256a0dc50ab1fbe4a4fc49d75aa2a7a322bdf37bda"
"md","step-02-inventory","wds","wds/workflows/wds-6-asset-generation/steps-w/step-02-inventory.md","5b82d3f622c2985951cda509438e086b8ad14b9ecd0a7ef9bb61fda52812487b"
"md","step-02-investigate","wds","wds/workflows/wds-5-agentic-development/steps-f/step-02-investigate.md","682c73aff1415387489f88a24d3149931be2117fa388c1605978859118a64bc3"
"md","step-02-layout-sections","wds","wds/workflows/wds-4-ux-design/steps-p/step-02-layout-sections.md","7add63be83b3aad3fd1cd3ed5d693787806025001407fbaf4cdaf9f5e69f7200"
"md","step-02-navigation","wds","wds/workflows/wds-4-ux-design/steps-v/step-02-navigation.md","767f26e0b51b880cea85b54ab578cad088fec94877c4c85ed19cd38f4ad5a610"
"md","step-02-navigation-patterns","wds","wds/workflows/wds-3-scenarios/steps-v/step-02-navigation-patterns.md","417189dac667c779761c997e1fe0f7c43efe4be6fa8bcc3fe4519ca8b58f8d49"
"md","step-02-prioritization-integrity","wds","wds/workflows/wds-2-trigger-mapping/steps-v/step-02-prioritization-integrity.md","aa89b552cbb56262e3fe9c561fccd3128289fab89bfe0ce127e4e317cb304a44"
"md","step-02-scan-codebase","wds","wds/workflows/wds-5-agentic-development/steps-a/step-02-scan-codebase.md","6e18397d9ed07efc2d13fcd5c6c150fb34bc825840289da05e1eb7ed5757c4b3"
"md","step-02-setup-environment","wds","wds/workflows/wds-5-agentic-development/steps-d/step-02-setup-environment.md","0881db2887a8ea3fa05adbc36107b5bd29a2ccfbbcd5543de8af5d96a8022984"
"md","step-02-structure","wds","wds/workflows/wds-0-project-setup/steps/step-02-structure.md","1a548b3e1be0c8685228e54a3ee8b0ebba53d9966104d3fe544ec6ff1edb7cc6"
"md","step-02-trigger-map-consistency","wds","wds/workflows/wds-1-project-brief/steps-v/step-02-trigger-map-consistency.md","3defe3a801e6ba3cc270e857b05c98dc73eb339dba9c4132e7b9057e16bf48da"
"md","step-02-vision","wds","wds/workflows/wds-1-project-brief/steps-c/step-02-vision.md","d6ce9ea9107958a20615a5938fe27ee2edd11c3b4b41acacf5eaea64e31ac0e8"
"md","step-02a-explore-realization","wds","wds/workflows/wds-0-alignment-signoff/steps-c/step-02a-explore-realization.md","f9fffde15d4d88690cc720454a0ac1973fb15ee85555ef5eeab28d4b4075a8db"
"md","step-02b-explore-solution","wds","wds/workflows/wds-0-alignment-signoff/steps-c/step-02b-explore-solution.md","aabd36bd42382a62013acd0f7e11f3d52672859536096342beaf14027f85eb8d"
"md","step-02c-explore-why-it-matters","wds","wds/workflows/wds-0-alignment-signoff/steps-c/step-02c-explore-why-it-matters.md","7f183dea8c6ed155c93ac9c63d4e4a8390dd4fbdebaf5027c92a5e429550a06c"
"md","step-02d-explore-how-we-see-it-working","wds","wds/workflows/wds-0-alignment-signoff/steps-c/step-02d-explore-how-we-see-it-working.md","867facd2d44f0b6fd3b221e4933e72ec7609ae13c9bedec8c5f3ef1ee0ed6ab4"
"md","step-02e-explore-paths-we-explored","wds","wds/workflows/wds-0-alignment-signoff/steps-c/step-02e-explore-paths-we-explored.md","ead7fdac0638d6a7759165fbf895666feca3a1a1a6d49ab4da50a707554b68ab"
"md","step-02f-explore-recommended-solution","wds","wds/workflows/wds-0-alignment-signoff/steps-c/step-02f-explore-recommended-solution.md","65880fc237f41e8c85b5feaec6e9aad2b7c5da72cb7cff4f4aa46f2d801c5045"
"md","step-02g-explore-path-forward","wds","wds/workflows/wds-0-alignment-signoff/steps-c/step-02g-explore-path-forward.md","9d6d454ae8fb194b2e50fb52fc0e9e0644eade5ebdc3f7cff9d4663c06259fc7"
"md","step-02h-explore-value-we-create","wds","wds/workflows/wds-0-alignment-signoff/steps-c/step-02h-explore-value-we-create.md","7fe24e75e4c26f0e338f15f390883d228f022955db0619c2c7f7af9a5967de88"
"md","step-02i-explore-cost-of-inaction","wds","wds/workflows/wds-0-alignment-signoff/steps-c/step-02i-explore-cost-of-inaction.md","b2cb490ccfd1ba2cf9f2d727b2b80c8fa03f2b943d1b9204fb2d85ef7625ad18"
"md","step-02j-explore-our-commitment","wds","wds/workflows/wds-0-alignment-signoff/steps-c/step-02j-explore-our-commitment.md","9f0ba57e88de84ce26a7968af40498130a2cb115a9eefcba7e44937113d8ffac"
"md","step-02k-explore-summary","wds","wds/workflows/wds-0-alignment-signoff/steps-c/step-02k-explore-summary.md","e6281c64b04051628901b70f74c55e8427fd1e3746c8b920d16e1f0fe48b2827"
"md","step-02w-nb-compose-prompt","wds","wds/workflows/wds-4-ux-design/steps-w/step-02w-nb-compose-prompt.md","9e1d8f46cc16270959ce0036e8af13c59d8732db940397d6776489324e5f1ef9"
"md","step-03-action-filter","wds","wds/workflows/wds-6-asset-generation/steps-c/step-03-action-filter.md","b3b80e39a81b4963fa5076b8e861b6d7b24f495da045c8cccead6effb4da341c"
"md","step-03-build-strategic-context","wds","wds/workflows/wds-3-scenarios/steps-c/step-03-build-strategic-context.md","e18a947a445f97da0c2706c89067a88b4203a57e5230e23b6328958be4059a9d"
"md","step-03-calculate-similarity","wds","wds/workflows/wds-7-design-system/steps-c/step-03-calculate-similarity.md","8a76f79ca173fe78ff3807fe7baf81004f0ff403b07ffefb7e863a186c681027"
"md","step-03-components-objects","wds","wds/workflows/wds-4-ux-design/steps-p/step-03-components-objects.md","c3ae22673ee11101378348aad0f678ec6d34c97eebeb5de1b7f5e2926c2b200d"
"md","step-03-create-test-scenario","wds","wds/workflows/wds-4-ux-design/steps-h/step-03-create-test-scenario.md","e02f5775428fa9bb47e1a48b91b227aaa50181a9d5eb2c3eedf42d770af8756c"
"md","step-03-document-issues","wds","wds/workflows/wds-5-agentic-development/steps-t/step-03-document-issues.md","254c9f2dbd148ff89106c2c8e2c3db530c35c83fc6a8ad0cb139707c86c39bcc"
"md","step-03-fix","wds","wds/workflows/wds-5-agentic-development/steps-f/step-03-fix.md","06c13ad06ea0d3e337bbb1df2c4b955abd20d6a7d84e9b714f0b6a8bd951d3aa"
"md","step-03-generate-specs","wds","wds/workflows/wds-5-agentic-development/steps-r/step-03-generate-specs.md","295465fdb33a86f2b8228dbc6d7525b14168e4c77ceb6aa19da35857bbce07a8"
"md","step-03-implement","wds","wds/workflows/wds-5-agentic-development/steps-d/step-03-implement.md","081333201550cb4a7c1082b08fe5d755050f8729647f7397b5c7b48e73860ed8"
"md","step-03-map-architecture","wds","wds/workflows/wds-5-agentic-development/steps-a/step-03-map-architecture.md","68694cd4a3c58d208c8a727591414d7872937ee9813b54c5a44c6689646ae4f5"
"md","step-03-mental-state","wds","wds/workflows/wds-4-ux-design/steps-s/step-03-mental-state.md","5a9501d1424623905c8a39afe2f3e713085004472d1b65a620bdc640a3921fd8"
"md","step-03-outline-completeness","wds","wds/workflows/wds-3-scenarios/steps-v/step-03-outline-completeness.md","e13002ee722705f70a5c19dd6fc0cd1aae1b560b721e7744a031e023e9c2bc3d"
"md","step-03-page-overview","wds","wds/workflows/wds-4-ux-design/steps-v/step-03-page-overview.md","f342fa98273e5b1d05e42cfdfc6097de33173349c01ba5d885ca68fd0ff075f4"
"md","step-03-persona-consistency","wds","wds/workflows/wds-2-trigger-mapping/steps-v/step-03-persona-consistency.md","560d65920e30df389ef5a04f102b2d34ee1858a1d83c597c3edeee911ad7ef9d"
"md","step-03-plan-implementation","wds","wds/workflows/wds-5-agentic-development/steps-e/step-03-plan-implementation.md","9b346d428d44a16867ef9687f649ef7c22e9e995fb60a2c7c7d57d9b2acf5fe4"
"md","step-03-positioning","wds","wds/workflows/wds-1-project-brief/steps-c/step-03-positioning.md","1c8197e37b333b2eae10ac8c33c7ee79ea7266eebb800c86b9b35db97ff197cd"
"md","step-03-prepare-specifications","wds","wds/workflows/wds-6-asset-generation/steps-f/step-03-prepare-specifications.md","f08d624db4e663e61dc3383fd02f99758a30ba8a85ffbd229369b9801e641af1"
"md","step-03-review-integrate","wds","wds/workflows/wds-4-ux-design/steps-w/step-03-review-integrate.md","a9134e1bbc66df5d3467a72dddebcb8f41f62c9a7ecbac2649701e4b28818012"
"md","step-03-select-style","wds","wds/workflows/wds-6-asset-generation/steps-i/step-03-select-style.md","e10e2daab7fa29bc1d7953bfbcfb21f6aafec3dcbee016a977b29f4a5b1f9bb6"
"md","step-03-select-style","wds","wds/workflows/wds-6-asset-generation/steps-m/step-03-select-style.md","559be0f2a557c1b346c91866b3c80ec35192ffdf9d1458566068b4feaa0b9f95"
"md","step-03-select-style","wds","wds/workflows/wds-6-asset-generation/steps-p/step-03-select-style.md","e56375b3ed2d752baaa9c893d88403671fcc890a9e72d2c876cb7cb9352c219c"
"md","step-03-select-style","wds","wds/workflows/wds-6-asset-generation/steps-u/step-03-select-style.md","bcf57a792bc5d72422e05428b5e8a7990be59115895cfdf3df38ed48b82e2ad0"
"md","step-03-select-style","wds","wds/workflows/wds-6-asset-generation/steps-v/step-03-select-style.md","530163f5008093c7db04933b1e3498cb39c03352ec622663b9775cf1ce2de7d2"
"md","step-03-select-style","wds","wds/workflows/wds-6-asset-generation/steps-w/step-03-select-style.md","0a1df80fe67ad458384ff8771d9f32b016901f5db506fb3026461029ec5aa9a3"
"md","step-03-seo-strategy","wds","wds/workflows/wds-1-project-brief/steps-v/step-03-seo-strategy.md","418955caeadbc07aa436928904a32907e5732cbc7d33590a036095afe59ef7b3"
"md","step-03-target-groups","wds","wds/workflows/wds-2-trigger-mapping/steps-c/step-03-target-groups.md","f789487e126109d225af51daf5aa6657605be0cc051138b608849cf553667b09"
"md","step-03-validate-usage","wds","wds/workflows/wds-4-ux-design/steps-m/step-03-validate-usage.md","0a53458371e77a2b8c0af69b72e3c4a05a44cc934b52e264eab9dc1833853849"
"md","step-03a-reflect-back","wds","wds/workflows/wds-0-alignment-signoff/steps-c/step-03a-reflect-back.md","3e783153ba829535deb81b00acd24f651b9b4ec3a2eea78b38862d8f134ee584"
"md","step-03b-synthesize-document","wds","wds/workflows/wds-0-alignment-signoff/steps-c/step-03b-synthesize-document.md","f067905d3f4b51da9cb5e33f4ec47aa71c25b5694bb3ecb4d52ea6f392773335"
"md","step-03d-present-approval","wds","wds/workflows/wds-0-alignment-signoff/steps-c/step-03d-present-approval.md","19b6b056ecfdaf2e55e51e33fbed64098abdcc24be1ad0994357e0cf9c5961a4"
"md","step-04-content-language","wds","wds/workflows/wds-1-project-brief/steps-v/step-04-content-language.md","b6a36ff8887dc67123bbba445d673c8a350e8582c66f1903038c9511ceca51d7"
"md","step-04-content-languages","wds","wds/workflows/wds-4-ux-design/steps-p/step-04-content-languages.md","e7785d8d071e4391d562003ad481bae3bb8d0f0edd36357d66a16e1728c81d64"
"md","step-04-cross-scenario-consistency","wds","wds/workflows/wds-3-scenarios/steps-v/step-04-cross-scenario-consistency.md","9006ad14e5ec6f12d47bf549dee686fc3d585cb84e6a8f703bebe7d48178fb5c"
"md","step-04-document-findings","wds","wds/workflows/wds-5-agentic-development/steps-a/step-04-document-findings.md","6d228ca5a66b595a999da745e4397486b83b85031f0b320454d62f3ce280dc4d"
"md","step-04-driving-forces","wds","wds/workflows/wds-2-trigger-mapping/steps-c/step-04-driving-forces.md","fe3a218cebc032b700c5eef569ed54b8fdff7bd8626cec662a1e9b551c5f8608"
"md","step-04-empowerment-frame","wds","wds/workflows/wds-6-asset-generation/steps-c/step-04-empowerment-frame.md","46d64c1e005e3e4e8c52628db9d1db916ed14d5553698992456e93381b6f16e8"
"md","step-04-extract-design-system","wds","wds/workflows/wds-5-agentic-development/steps-r/step-04-extract-design-system.md","9b3b7f42ee2937b9a50fd509cce40ee916104f0aa2ca5b5b1e0a0a06bdaf08da"
"md","step-04-feature-impact-alignment","wds","wds/workflows/wds-2-trigger-mapping/steps-v/step-04-feature-impact-alignment.md","47e2d095e5b56f347d49f39eef9e60ba2612db52ed434456ddeba55cbe6194d5"
"md","step-04-generate","wds","wds/workflows/wds-6-asset-generation/steps-i/step-04-generate.md","8a8656663859d5eea39573b27d6285bc547bdf52106d5bb3bb75e4d196804b59"
"md","step-04-generate","wds","wds/workflows/wds-6-asset-generation/steps-p/step-04-generate.md","894c97fa768b9f860e3a123eac69b21f0987facbc9aad8cb616a58ada08809db"
"md","step-04-generate","wds","wds/workflows/wds-6-asset-generation/steps-u/step-04-generate.md","20baac1cffbf94e3f9feaaf7d555181c46b25a0009ab2d7e5add1c58bf7e1e1d"
"md","step-04-generate","wds","wds/workflows/wds-6-asset-generation/steps-v/step-04-generate.md","3cc5edfef5629f5ee9c82a66bf271d58ee5902c82375ee9ab63b1b00e90de4d4"
"md","step-04-generate","wds","wds/workflows/wds-6-asset-generation/steps-w/step-04-generate.md","0c24cd529fb2fa6fe64e7aa4dd68be33192a3a80f8050f0538741da3d97a8125"
"md","step-04-generate-validate","wds","wds/workflows/wds-6-asset-generation/steps-f/step-04-generate-validate.md","dc0b9af7f1e4ace89ee190875d1f867c6b0abbc4a5f98b1942b922bf2f718a1d"
"md","step-04-handoff-dialog","wds","wds/workflows/wds-4-ux-design/steps-h/step-04-handoff-dialog.md","b3c5f557b596f3d3d044360c8c9e6cb873a962d0f37b33a703ed551c70602cb1"
"md","step-04-identify-opportunities","wds","wds/workflows/wds-7-design-system/steps-c/step-04-identify-opportunities.md","7f258d9cea7f036077ee4c3462cc6e8ad49a7ad5c6f6d73329f06c1bf4e137f0"
"md","step-04-implement","wds","wds/workflows/wds-5-agentic-development/steps-e/step-04-implement.md","e67b00aac0be1ba8481507fb88381f14594a647dbe5d2391b02f46847151ed74"
"md","step-04-mutual-success","wds","wds/workflows/wds-4-ux-design/steps-s/step-04-mutual-success.md","dab75ce6626bb7c191896e28884a806530e145b116322a771579238229c16c03"
"md","step-04-page-sections","wds","wds/workflows/wds-4-ux-design/steps-v/step-04-page-sections.md","937f8ce8b18bc2ce8c6d6e5e9e2befe43098cc99c799f48ac3e3e4063643c936"
"md","step-04-references","wds","wds/workflows/wds-6-asset-generation/steps-m/step-04-references.md","cf47aa67e130fbe9c5f5af10f56a8d970796b7342c3faaeab1050aa85dc4fc46"
"md","step-04-report","wds","wds/workflows/wds-5-agentic-development/steps-t/step-04-report.md","bcea3bade0f725a7e1a9fbed13bde931ab524f0c78bb00a66f8d69897bb49479"
"md","step-04-suggest-scenarios","wds","wds/workflows/wds-3-scenarios/steps-c/step-04-suggest-scenarios.md","75e21111d34e9fa415d33d348d26f7e1c9117287ef372eddf057d421dd5372c8"
"md","step-04-verify","wds","wds/workflows/wds-5-agentic-development/steps-d/step-04-verify.md","10e3ff9a2e88c714b33abf483b4ef2b320af9e608aec52cdc4389ee498ea59bb"
"md","step-04-verify","wds","wds/workflows/wds-5-agentic-development/steps-f/step-04-verify.md","980eb34642307013fa7fc58e8ebc5e065b8923785b67460dbfdfbd214b2afa01"
"md","step-04a-offer-signoff","wds","wds/workflows/wds-0-alignment-signoff/steps-c/step-04a-offer-signoff.md","d62ed535de99c09b344e9d7fb939dd09fd11119f0a69d0286018081364c626d8"
"md","step-04b-determine-business-model","wds","wds/workflows/wds-0-alignment-signoff/steps-c/step-04b-determine-business-model.md","fc0f71fca924323f09027c958b790691ead1c0857053874b91babd6c9fcda8e3"
"md","step-05-business-model","wds","wds/workflows/wds-1-project-brief/steps-c/step-05-business-model.md","30cbf22df63db54e7789a38dc85dbb81732c46e77044e17f5af212128d086445"
"md","step-05-cross-document-coherence","wds","wds/workflows/wds-2-trigger-mapping/steps-v/step-05-cross-document-coherence.md","7b1211bcc609de6059a7e5f06ff32f499ecba2e31d70a3d57c131248bc07140e"
"md","step-05-document","wds","wds/workflows/wds-5-agentic-development/steps-f/step-05-document.md","4e41bd1baac0cb703dee3658b0342bd79b7d7ab4fcc937201eb872370704fbc3"
"md","step-05-execute-export","wds","wds/workflows/wds-6-asset-generation/steps-f/step-05-execute-export.md","f160a53a6fa0be6de0951d00478f35c4db3eaf73e2320e814447ff65b90546fd"
"md","step-05-finalize","wds","wds/workflows/wds-5-agentic-development/steps-d/step-05-finalize.md","3f5cebcf269b28d919285560fbe1489bee4eeb4a11be274563b71e76892110fb"
"md","step-05-generate","wds","wds/workflows/wds-6-asset-generation/steps-m/step-05-generate.md","9245b492bd781a1074e14c0f2d4b061a955a36e995771e8b8d57b749420a16ea"
"md","step-05-hand-off","wds","wds/workflows/wds-4-ux-design/steps-h/step-05-hand-off.md","bd417afc9afe88f05f1ba8421ce4b682a3fa3373ca1f98b2794412561499d349"
"md","step-05-identify-risks","wds","wds/workflows/wds-7-design-system/steps-c/step-05-identify-risks.md","62c10fcf19822d1685006925e03d1b4eb0029220ed32ecfdffd6d27ec8a0f256"
"md","step-05-interactions","wds","wds/workflows/wds-4-ux-design/steps-p/step-05-interactions.md","461e6b2936833e94c7d153293efbfb1f28d986d36b1c842b5a0850a15837655e"
"md","step-05-iterate","wds","wds/workflows/wds-5-agentic-development/steps-t/step-05-iterate.md","50b08ed439f0505112adaaf6211c7d2d8f108d1d6977e5cd3568b45e3c429f92"
"md","step-05-outline-scenario","wds","wds/workflows/wds-3-scenarios/steps-c/step-05-outline-scenario.md","557f1caf8ede41402782d2fb05c066fafdd2b76cc70dd955f77107001d46726f"
"md","step-05-prioritization","wds","wds/workflows/wds-2-trigger-mapping/steps-c/step-05-prioritization.md","f9373fa5fa964dae42df37006a25c450e6fba845f34540aabcdc4db05b2c65e8"
"md","step-05-review","wds","wds/workflows/wds-6-asset-generation/steps-i/step-05-review.md","3553d28a89546e6ca509659813783d978a204709996d17464e316bad93e237ac"
"md","step-05-review","wds","wds/workflows/wds-6-asset-generation/steps-p/step-05-review.md","7bf3e1b9a4f81d87c68b5656c5bd9aba9ee5f033c3595f18ad61792c1c4710a1"
"md","step-05-review","wds","wds/workflows/wds-6-asset-generation/steps-u/step-05-review.md","bdc4a98effb86874b47e3680b76ddfa30c302026e5df6d7bd8f93ba2a87b0b74"
"md","step-05-review","wds","wds/workflows/wds-6-asset-generation/steps-v/step-05-review.md","e14a844c903979f66c1c6492b17c8178ccdea6b3c18e7659ba0d626da70c5720"
"md","step-05-review","wds","wds/workflows/wds-6-asset-generation/steps-w/step-05-review.md","c49d03a9387054de66862e238aadf660ce76e447938db3ed3c31f41b7e773314"
"md","step-05-section-order","wds","wds/workflows/wds-4-ux-design/steps-v/step-05-section-order.md","e936508913cddd3d66d1e734066d1538d440cd25f935532e92c8dc70931928ee"
"md","step-05-seo-keyword-alignment","wds","wds/workflows/wds-3-scenarios/steps-v/step-05-seo-keyword-alignment.md","19196d31f1cb8e6c390bdf04e71b5757d343b568e70b0def90dbc9d3896826c3"
"md","step-05-shortest-path","wds","wds/workflows/wds-4-ux-design/steps-s/step-05-shortest-path.md","4dd8bbdec37d777b33eeb427903844be2c7afc4427ac9c142670e80ccff0de21"
"md","step-05-structural-order","wds","wds/workflows/wds-6-asset-generation/steps-c/step-05-structural-order.md","b98eee2b07184071a489cb6f8ab51db27d71a3511c933375fbd41ed2fa0e4839"
"md","step-05-verify-and-document","wds","wds/workflows/wds-5-agentic-development/steps-e/step-05-verify-and-document.md","b912090ca2277a0e9a5b6f2b64559a46d67c2b56b7293eb1d54a9b97699b2bc3"
"md","step-05-visual-direction","wds","wds/workflows/wds-1-project-brief/steps-v/step-05-visual-direction.md","23d70e5e57f7e1b27bde3d954b7a82f529facbf3eeba11f29044a0740f010232"
"md","step-05a-contract-overview","wds","wds/workflows/wds-0-alignment-signoff/steps-c/step-05a-contract-overview.md","71e0657c5688804a4088379e60d6a8a3b9f9b9ccda6b43ca6abb1d2c79ecc19c"
"md","step-05b-contract-business-model","wds","wds/workflows/wds-0-alignment-signoff/steps-c/step-05b-contract-business-model.md","a43d565508eca88f6fc9ec366b0858c4711b9519b1bbc4ad9e9411004255bf14"
"md","step-05c-contract-scope","wds","wds/workflows/wds-0-alignment-signoff/steps-c/step-05c-contract-scope.md","1d60701af9288a6cc3b9202becc1ed9d6e4f501c75f621928606ff0c20395cf4"
"md","step-05d-contract-payment","wds","wds/workflows/wds-0-alignment-signoff/steps-c/step-05d-contract-payment.md","9ae3f5c45f62408aa2ba66076a0e8518ac2810695a72a72d2463136d38c090cc"
"md","step-05e-contract-timeline","wds","wds/workflows/wds-0-alignment-signoff/steps-c/step-05e-contract-timeline.md","c5e6cfa81d77c61ff54de897ad86c0970e9cf5e7228b2599d11dec596a68c4ad"
"md","step-05f-contract-availability","wds","wds/workflows/wds-0-alignment-signoff/steps-c/step-05f-contract-availability.md","7867cce03829374b3a28858c9d7ddb79990bc6c8c3e8561b5aa249d45741a92c"
"md","step-05g-contract-confidentiality","wds","wds/workflows/wds-0-alignment-signoff/steps-c/step-05g-contract-confidentiality.md","6517428388e4a8debaad2be9f430382b892a57ff56f554d4cb8a42318cc439b4"
"md","step-05h-contract-not-to-exceed","wds","wds/workflows/wds-0-alignment-signoff/steps-c/step-05h-contract-not-to-exceed.md","fd3ebfc01288edfa9c82abd58fa0e0b3ea94803116f1358ae6a391a2ad3282e5"
"md","step-05i-contract-work-initiation","wds","wds/workflows/wds-0-alignment-signoff/steps-c/step-05i-contract-work-initiation.md","678c18b7f34dc2c2f381ea3d782455485b815ab5b10781826bdc62f7f78c3033"
"md","step-05j-contract-terms","wds","wds/workflows/wds-0-alignment-signoff/steps-c/step-05j-contract-terms.md","e587befed2a55c4363a195c1c21ccc650cfd96e9e59a0f8c39ad2e92c9a40630"
"md","step-05k-contract-approval","wds","wds/workflows/wds-0-alignment-signoff/steps-c/step-05k-contract-approval.md","414e2baf5dc3fdce18d82b8e3da1c0aafd97d72762b597a6bad05f1ed467fda1"
"md","step-05l-finalize-contract","wds","wds/workflows/wds-0-alignment-signoff/steps-c/step-05l-finalize-contract.md","878a7c7209d24b02e27744388a0a2915fc1daca617eb61c50a32a9e775d2af3b"
"md","step-06-business-customers","wds","wds/workflows/wds-1-project-brief/steps-c/step-06-business-customers.md","2512638ba3db9fa71b869290aaa4a0a2a9c86805bda26d8d040ecb62d79a856c"
"md","step-06-continue","wds","wds/workflows/wds-4-ux-design/steps-h/step-06-continue.md","c040d64f43b207e4286d3853a6cf794fd0399a20ac7508569d2c6a39a899cc79"
"md","step-06-generate-content","wds","wds/workflows/wds-6-asset-generation/steps-c/step-06-generate-content.md","f75eba73fed281eeb4beb6e15da5f981b6cbbbd1c8fc11626f34b68cdef52538"
"md","step-06-generate-overview","wds","wds/workflows/wds-3-scenarios/steps-c/step-06-generate-overview.md","2520ff9406c34efebfffb21cb700a7f2ee9650fb6bdb7fb2b49c0537df48f85a"
"md","step-06-object-registry","wds","wds/workflows/wds-4-ux-design/steps-v/step-06-object-registry.md","40ae57257f124c17e292dfe2da3322d34230e599cf3d85dfc32e6715f00f1c48"
"md","step-06-platform-requirements","wds","wds/workflows/wds-1-project-brief/steps-v/step-06-platform-requirements.md","b036c12edbaa8674f23cb10b2bc9f98e976b10f3c7981f789ca533e64b5cafb8"
"md","step-06-present-decision","wds","wds/workflows/wds-7-design-system/steps-c/step-06-present-decision.md","0193c75ea40093dfe4ec9cfa3b9306775b1673a5eb6a08867a6bd847eac6a530"
"md","step-06-review","wds","wds/workflows/wds-6-asset-generation/steps-m/step-06-review.md","fcdc2559ea16cd330756b843161c5c504737bbae79dfa4292ddf55df3b91de3a"
"md","step-06-scenario-name","wds","wds/workflows/wds-4-ux-design/steps-s/step-06-scenario-name.md","e5c5bd3e875c2864f2e31366bbdfe12793c7c2c2c765473e4dd4ff9d54e5f1f9"
"md","step-06-states","wds","wds/workflows/wds-4-ux-design/steps-p/step-06-states.md","5978d21ddfb06ba29608b55fc5d545956fdc1733d3fea7ea7f104d0cf5148fe2"
"md","step-06a-build-internal-signoff","wds","wds/workflows/wds-0-alignment-signoff/steps-c/step-06a-build-internal-signoff.md","ee62c66895fbec45e6f117e45bce23941a2a4f4189c98ecaf91021310fc6f71a"
"md","step-06a-extract-features","wds","wds/workflows/wds-2-trigger-mapping/steps-c/step-06a-extract-features.md","095362d996adca6c215726f0d58e81d70da2eb6503519b5cc52c7c61664b7351"
"md","step-06b-confirm-assessment","wds","wds/workflows/wds-2-trigger-mapping/steps-c/step-06b-confirm-assessment.md","e6f4a204053418925ef79fc14d583713774843aad721a398da40dc90ee907562"
"md","step-06b-finalize-signoff","wds","wds/workflows/wds-0-alignment-signoff/steps-c/step-06b-finalize-signoff.md","25ac237bb8c8442e51391d71a93fbbb3bc9420c9e8e92b0c8c1102d9a343a7d0"
"md","step-06c-make-assessment","wds","wds/workflows/wds-2-trigger-mapping/steps-c/step-06c-make-assessment.md","87466dfa354e54e30718c0b3ce58ff6de3b1b614749d183a103a51cca7b34dd8"
"md","step-06d-generate-document","wds","wds/workflows/wds-2-trigger-mapping/steps-c/step-06d-generate-document.md","899e94c6bccee43d4c301faa71046e77af6400e6a1483b4774a9210f8524e9a5"
"md","step-06e-feature-wrap-up","wds","wds/workflows/wds-2-trigger-mapping/steps-c/step-06e-feature-wrap-up.md","19e0f4ee1f34f437dcc932566a88713cdd12cfbcf0ceb3fdb811e091321068d0"
"md","step-07-create-scenario-folder","wds","wds/workflows/wds-4-ux-design/steps-s/step-07-create-scenario-folder.md","571c7779dfcd0827e67db6ce69b4970aa6aaf11043e13cce926a62486e867a6f"
"md","step-07-design-system-separation","wds","wds/workflows/wds-4-ux-design/steps-v/step-07-design-system-separation.md","4e7019a8b8945dda75f2c3653d471c6972711de758793988c70e9cdc7e7c6def"
"md","step-07-execute-decision","wds","wds/workflows/wds-7-design-system/steps-c/step-07-execute-decision.md","ac2b557af2cbeeb23bf5c70dee85f9bf80cfe9e2cb9153aca5a4eb7472248573"
"md","step-07-quality-review","wds","wds/workflows/wds-3-scenarios/steps-c/step-07-quality-review.md","d15be9d79973d133225a7f2fdc68074862eebdcc1392960395d0b48bdc286dc6"
"md","step-07-target-users","wds","wds/workflows/wds-1-project-brief/steps-c/step-07-target-users.md","388528a31fb32e6d75482386053815d4b6031784de4300ffbbe386b5f08dc929"
"md","step-07-validation","wds","wds/workflows/wds-4-ux-design/steps-p/step-07-validation.md","729e7b837ec68b06b5ee03255bdd729613b6757f6cf7e5c49694b1adcb97eec0"
"md","step-07a-generate-hub","wds","wds/workflows/wds-2-trigger-mapping/steps-c/step-07a-generate-hub.md","dae82ab29809c21443041d2c73b4445de8a2c5b484fd22dce63266d80c770da9"
"md","step-07a-product-concept","wds","wds/workflows/wds-1-project-brief/steps-c/step-07a-product-concept.md","57674d9558205757fd24fe27c9d010858b6c257c359b8e1be195ab35ccfca814"
"md","step-07b-generate-business-goals","wds","wds/workflows/wds-2-trigger-mapping/steps-c/step-07b-generate-business-goals.md","e28d0e302a183646f2eee465bbe50e7a2bf9921277a9d1a834fe549aa18f5d58"
"md","step-07c-generate-primary-persona","wds","wds/workflows/wds-2-trigger-mapping/steps-c/step-07c-generate-primary-persona.md","37b934acfdf7af4125f19ea3d2ce9cae549caff0b7c1fb29a6c036b412cf13ad"
"md","step-07d-generate-secondary-persona","wds","wds/workflows/wds-2-trigger-mapping/steps-c/step-07d-generate-secondary-persona.md","5a5305e09de22fa136f310d5008405672b564d1e602faf28709a4f2e1d258ee8"
"md","step-07e-generate-tertiary-persona","wds","wds/workflows/wds-2-trigger-mapping/steps-c/step-07e-generate-tertiary-persona.md","819d5f8c4672692f8ef755d5542b69058c3c438e8a740cb3cf874d334129d08c"
"md","step-07f-generate-key-insights","wds","wds/workflows/wds-2-trigger-mapping/steps-c/step-07f-generate-key-insights.md","b8ceda09fe8f1c2460a0dc5b6a28b6d67018e869b359bbbff9cb2d8f322bbab4"
"md","step-07g-quality-check","wds","wds/workflows/wds-2-trigger-mapping/steps-c/step-07g-quality-check.md","5470b9f19624f098901c558f565b7aa9b0ab1a668b2949316bc61234aa54550a"
"md","step-08-page-context","wds","wds/workflows/wds-4-ux-design/steps-s/step-08-page-context.md","2e0aa6ea435e7ec1fab7448c968d3fbbd05b887b98ee97445027819d15658711"
"md","step-08-seo-compliance","wds","wds/workflows/wds-4-ux-design/steps-v/step-08-seo-compliance.md","701262c71e2998b0ef3548dbabc57506d6fab9edb981100f2c55946aa9e75ab4"
"md","step-08-spacing-typography","wds","wds/workflows/wds-4-ux-design/steps-p/step-08-spacing-typography.md","538ed208cbf1e99e0b44eec684edacdf8683250676243c37baf51e2d5b54f02a"
"md","step-08-success-criteria","wds","wds/workflows/wds-1-project-brief/steps-c/step-08-success-criteria.md","1bffdcefd8f0af0b1e73589465a65d50c6851044619301f26cf66f971eb4b8d4"
"md","step-08-update-design-log","wds","wds/workflows/wds-3-scenarios/steps-c/step-08-update-design-log.md","787ce3d52812bddfe5cc985c2f4601667160cf4b55f1974871a95201753a5e80"
"md","step-08a-initialize-design-system","wds","wds/workflows/wds-7-design-system/steps-c/step-08a-initialize-design-system.md","176cd33f5b97d16bdfd96ee91584ba9df2ad8e29c678e064130252346aa44ff2"
"md","step-08a-mermaid-init-structure","wds","wds/workflows/wds-2-trigger-mapping/steps-c/step-08a-mermaid-init-structure.md","79da81b7296c439ba1d3daa9eb3b2e305631b38c39c378c373645007fe214e2e"
"md","step-08b-create-new-component","wds","wds/workflows/wds-7-design-system/steps-c/step-08b-create-new-component.md","9a41f7d27c1a60e1445998d5b1a154fbb98cee41fd0e99364ba8e2fab3f3a416"
"md","step-08b-mermaid-business-goals","wds","wds/workflows/wds-2-trigger-mapping/steps-c/step-08b-mermaid-business-goals.md","d93c636ead26da07ee5b4de8e281e95b8ed90e78d23e7d8eca75e425ec5d2d8d"
"md","step-08c-mermaid-platform","wds","wds/workflows/wds-2-trigger-mapping/steps-c/step-08c-mermaid-platform.md","a5f981ddafcc4d592c78f087e8e2054d672e2fcfcde2d3308ab736cb5629c765"
"md","step-08c-update-component","wds","wds/workflows/wds-7-design-system/steps-c/step-08c-update-component.md","762e3ac7b05abe1a76cff424eeec3863d0012331f4bd753c951b9cde1c555443"
"md","step-08d-add-variant","wds","wds/workflows/wds-7-design-system/steps-c/step-08d-add-variant.md","92ad07bdcaea1092e4f050113814f2b3ee5a70564f0da41b47ff5444bccd8f7a"
"md","step-08d-mermaid-target-groups","wds","wds/workflows/wds-2-trigger-mapping/steps-c/step-08d-mermaid-target-groups.md","26ad97d1e4e50b4fb1da6594ab9a7850357b29adf60bfc07fc9f31a4ef1c51ef"
"md","step-08e-generate-catalog","wds","wds/workflows/wds-7-design-system/steps-c/step-08e-generate-catalog.md","1bf4d0ef3d433f31a641ad1c965d1d2a50442f616fd544078a3de54e7f91427b"
"md","step-08e-mermaid-driving-forces","wds","wds/workflows/wds-2-trigger-mapping/steps-c/step-08e-mermaid-driving-forces.md","3e0d9e46ac8a861a16f9b22f0396195e4c21b4aafdc99e6be2a6b3e2d4506d66"
"md","step-08f-mermaid-connections","wds","wds/workflows/wds-2-trigger-mapping/steps-c/step-08f-mermaid-connections.md","db7e7df7bc536044c494d2c5335d80465e7a3a3b7da9abb942b4d31fce79be9d"
"md","step-08g-mermaid-styling","wds","wds/workflows/wds-2-trigger-mapping/steps-c/step-08g-mermaid-styling.md","e1326f52cc101e3a24498e9820c33123b1aeb658b0299d850bef10074ecbc752"
"md","step-08h-mermaid-quality","wds","wds/workflows/wds-2-trigger-mapping/steps-c/step-08h-mermaid-quality.md","ae1a8cfb663d6331dbac80335a09659d374d83cbbb94ed31f552c379dfe81688"
"md","step-09-competitive-landscape","wds","wds/workflows/wds-1-project-brief/steps-c/step-09-competitive-landscape.md","46061018bf8a6a555f3c7ddf33ebaa5753b49b48d58892adb2987d93b937eb12"
"md","step-09-design-system-consistency","wds","wds/workflows/wds-4-ux-design/steps-v/step-09-design-system-consistency.md","4ab7e741f42f11151c53c2543875e83b8272570216c8bde3c0729ddba7c3231a"
"md","step-09-generate-spec","wds","wds/workflows/wds-4-ux-design/steps-p/step-09-generate-spec.md","c3a67e85249891997b9635879e80f88406a9793e9e11611949b1dc63b74a69f4"
"md","step-09-handover","wds","wds/workflows/wds-3-scenarios/steps-c/step-09-handover.md","79d7e89cc7660d39c9b4d1c2c26b4a4485fc4ba774d6189ad9ca609ecb93c8a5"
"md","step-09-page-name","wds","wds/workflows/wds-4-ux-design/steps-s/step-09-page-name.md","59d0c0d03044a454d5837d9298094fdd6aca96c5a2674747c8c81f1f7df056a5"
"md","step-09a-finalize-hub","wds","wds/workflows/wds-2-trigger-mapping/steps-c/step-09a-finalize-hub.md","6af1b59fe4e3665c1aef7c1e910231165047a3a7dcd26fe3aa97756c6a91bdd5"
"md","step-09b-add-cross-references","wds","wds/workflows/wds-2-trigger-mapping/steps-c/step-09b-add-cross-references.md","01ed60bbf4642581e7bb541a8d5dd3e1edfb7cf76642cc979617d44fb560c8a3"
"md","step-09c-quality-check","wds","wds/workflows/wds-2-trigger-mapping/steps-c/step-09c-quality-check.md","e25244a766a09fd846fb2cd538e0a62d3376e943c801c3dc39b0cfd95afd6a63"
"md","step-09d-create-handover-package","wds","wds/workflows/wds-2-trigger-mapping/steps-c/step-09d-create-handover-package.md","29ac3c2ebdd371915c362127c9dcc8bb9de8298f277f85f7c14dddc5333d4dee"
"md","step-09e-update-design-log","wds","wds/workflows/wds-2-trigger-mapping/steps-c/step-09e-update-design-log.md","92df9226aa62a85b1a72319b8202c6b9eab84641f9f5007e9625d59b58c030c0"
"md","step-09f-provide-activation","wds","wds/workflows/wds-2-trigger-mapping/steps-c/step-09f-provide-activation.md","495692e2ccb110847ec059ae771c75714e9f06a387cb294c5eb52a31cf5da3ec"
"md","step-10-constraints","wds","wds/workflows/wds-1-project-brief/steps-c/step-10-constraints.md","a71e3966bed34bfb2c22177343f50121592b036d0190f8cbb4d5a951b8d7c1ea"
"md","step-10-final-validation","wds","wds/workflows/wds-4-ux-design/steps-v/step-10-final-validation.md","eb79471c429a88466675e6b2f0a4f04763f1c4bfaaf256006f632651110691bc"
"md","step-10-page-purpose","wds","wds/workflows/wds-4-ux-design/steps-s/step-10-page-purpose.md","a1efac12141c5a33039f2688c64f442130fff15e7486704dc987bde4b76de338"
"md","step-10a-platform-strategy","wds","wds/workflows/wds-1-project-brief/steps-c/step-10a-platform-strategy.md","414fa734c9efac334c4ad073c1b166caf42dc53b2ebb3a0369221c337764c6f0"
"md","step-11-entry-point","wds","wds/workflows/wds-4-ux-design/steps-s/step-11-entry-point.md","3193b71a31a644a19ef9aec729a27428196cc61c52a00a1f97e1817c15a6fcad"
"md","step-11-tone-of-voice","wds","wds/workflows/wds-1-project-brief/steps-c/step-11-tone-of-voice.md","d21c19c2663c3bc6fb2a04b845b2dbece3cca952a8d0b05e17b452358ceddc25"
"md","step-12-create-product-brief","wds","wds/workflows/wds-1-project-brief/steps-c/step-12-create-product-brief.md","4943d0d6239d00536d45a3d899689378cbd3466033dbb5813143f30d013fc520"
"md","step-12-mental-state","wds","wds/workflows/wds-4-ux-design/steps-s/step-12-mental-state.md","8ead2ffb7f72d3a380c796782a426e4606f0bc271709d126bb74ad3bc7a8a022"
"md","step-13-content-init","wds","wds/workflows/wds-1-project-brief/steps-c/step-13-content-init.md","cd9ec401dee6ff18f2f9a2a604c34b43d4f500296f4d00922f74b0769f963b03"
"md","step-13-desired-outcome","wds","wds/workflows/wds-4-ux-design/steps-s/step-13-desired-outcome.md","46ea2e121bd12fb02f693427e2a7356c61dca4535b400818d21c236a151ebdbc"
"md","step-14-personality","wds","wds/workflows/wds-1-project-brief/steps-c/step-14-personality.md","30078925c7b99d0faeddcf7238f490f2e8f368ff600134d5586dba08e39a4536"
"md","step-14-variants","wds","wds/workflows/wds-4-ux-design/steps-s/step-14-variants.md","768e60fbcd380473a77a97e2bc0aed8926476766edb8cadacd1a0159f3613b4b"
"md","step-15-create-page-structure","wds","wds/workflows/wds-4-ux-design/steps-s/step-15-create-page-structure.md","74af9abdf88cf35d3b31415b173f818b26ad212aa8cee3912d70a5b7c234b1b3"
"md","step-15-tone","wds","wds/workflows/wds-1-project-brief/steps-c/step-15-tone.md","551bb83843df27f9e81e55025a37c63bdc1de34fb5f49a9081e8ed5919f1b662"
"md","step-16-languages","wds","wds/workflows/wds-1-project-brief/steps-c/step-16-languages.md","76ed504550abda51db4b0f06cd469d62e472cc218a19d7eac00de15fa137560b"
"md","step-17-seo-keywords","wds","wds/workflows/wds-1-project-brief/steps-c/step-17-seo-keywords.md","831082ef6e793790791f3cfa06f0212e5c8bce7ddfd8886c7c1b99f955ef3153"
"md","step-17a-content-structure","wds","wds/workflows/wds-1-project-brief/steps-c/step-17a-content-structure.md","2e709b116a6f9d03f1f1171a15ae610d820daad7f6dc12d573e6b738d7ed83f1"
"md","step-18-create-content-document","wds","wds/workflows/wds-1-project-brief/steps-c/step-18-create-content-document.md","f57165f8042282be1ab64707420e6f94cc131b9a35789053537a12bb3d569497"
"md","step-19-inspiration-workshop","wds","wds/workflows/wds-1-project-brief/steps-c/step-19-inspiration-workshop.md","5c7ae3a36c4f4829697a2735c668bf96272113843589ee39bacaed8c67f8cb21"
"md","step-20-visual-init","wds","wds/workflows/wds-1-project-brief/steps-c/step-20-visual-init.md","b0467a2955aca4efcd67a39afdee162eb5c767f57aa6d9e99b014a42d7a038a4"
"md","step-21-existing-brand","wds","wds/workflows/wds-1-project-brief/steps-c/step-21-existing-brand.md","e6602307da8216bef886af1703cbc7b1382c32633d204b0c491766c6dee4ae3c"
"md","step-22-references","wds","wds/workflows/wds-1-project-brief/steps-c/step-22-references.md","244e527eb0892814d5a96db4d4e5d60e3039f8a95369b66a47ca8892c39a2654"
"md","step-23-design-style","wds","wds/workflows/wds-1-project-brief/steps-c/step-23-design-style.md","2cca9f465b470be314bb17ec882b9ac50dd2a2a4f6818ba5a4dcffeca7069b20"
"md","step-24-layout-effects","wds","wds/workflows/wds-1-project-brief/steps-c/step-24-layout-effects.md","02f08384d9817168b93d1541623e01d76cb838e502489ee907e0df132e594832"
"md","step-25-imagery","wds","wds/workflows/wds-1-project-brief/steps-c/step-25-imagery.md","ec654197a117afcfc94b3d58d14f661b630fcffe14cc75cb6fd0515561537c1e"
"md","step-26-create-visual-document","wds","wds/workflows/wds-1-project-brief/steps-c/step-26-create-visual-document.md","47b0cfe7b40e481534dd70f991aae7bb954edf04d9cae6fdf33f5d0e4d6317c0"
"md","step-27-platform-init","wds","wds/workflows/wds-1-project-brief/steps-c/step-27-platform-init.md","596bb3dfedd0a5165c09f40afee9a0c201d02513ab3b481d1308a8fbf83118f9"
"md","step-28-tech-stack","wds","wds/workflows/wds-1-project-brief/steps-c/step-28-tech-stack.md","f9ede60c358781dc7ff4db670b9492211ad37c48485bb16b0bd0717bac6c4cae"
"md","step-29-integrations","wds","wds/workflows/wds-1-project-brief/steps-c/step-29-integrations.md","a4e397475564ac4a3a7e4c9b70044d981760bf35d20811d76db41562b15c5275"
"md","step-30-contact-strategy","wds","wds/workflows/wds-1-project-brief/steps-c/step-30-contact-strategy.md","353f485470a3a62c05ca71898a64dbc3611cc266b178c77bc1859bf8929d38cb"
"md","step-31-multilingual","wds","wds/workflows/wds-1-project-brief/steps-c/step-31-multilingual.md","d156fdcb53891e93df116d54fe3faf8649e22e30ed06ffd2b56d45ff4057fec7"
"md","step-32-create-platform-document","wds","wds/workflows/wds-1-project-brief/steps-c/step-32-create-platform-document.md","28098890cc94fe697c28b72fd82903cc94efc3614994fd68e0d33020d11f7c87"
"md","step-33-analyze-brief","wds","wds/workflows/wds-1-project-brief/steps-c/step-33-analyze-brief.md","26dabb812902618bebf3e81a8a3341d8b5e475fbab2c7b2e1a1f8b4463363979"
"md","step-34-create-summary","wds","wds/workflows/wds-1-project-brief/steps-c/step-34-create-summary.md","f63c2f6039fa6110c7b4da860e8c0cafd90ac7d6d17491a75997e34ad3c974b6"
"md","step-35-update-design-log","wds","wds/workflows/wds-1-project-brief/steps-c/step-35-update-design-log.md","de02b94dac8cd250795d703479fc931081b325f3a74b076384654f68eec9fdd7"
"md","step-36-provide-activation","wds","wds/workflows/wds-1-project-brief/steps-c/step-36-provide-activation.md","5972a684bc5eb007dfd5f0b820851da53e540a83d34435862bcba4b82c70ff23"
"md","stitch-prompt.template","wds","wds/workflows/wds-6-asset-generation/templates/stitch-prompt.template.md","9bace9310fad7560b89e7ae65f707a86189e871896d48189c872c22232a5cf3d"
"md","story-file-template","wds","wds/workflows/wds-5-agentic-development/templates/story-file-template.md","f8af85ba4d8e037cf6657f73ff6455f900ecbb6d961f96a33edde147c7dba161"
"md","STORYBOARD-INTEGRATION","wds","wds/workflows/wds-4-ux-design/data/modular-architecture/STORYBOARD-INTEGRATION.md","0f56c690cca5b23c6c8c2175f7e4df1f8d4ac605583bc469ce0f4dceb1864ca6"
"md","storyboard-specification.template","wds","wds/workflows/wds-4-ux-design/templates/storyboard-specification.template.md","c02afbd1f0de9ad949bdcab52497e9b4577aa6298af0803fd6f6d92a013dee96"
"md","storyboards-guide","wds","wds/workflows/wds-4-ux-design/data/modular-architecture/02-workflows/storyboards-guide.md","1a3dd651f44b99e4814549bf49aecc9ac1ffe68fb462054045d0642ed1d874d7"
"md","strategic-design","wds","wds/data/agent-guides/freya/strategic-design.md","63c1400c7f3642a7ae2b35eb8c8e1c9d09e6809db06fc6b89dab3a2bbbadcf97"
"md","strategic-documentation","wds","wds/data/agent-guides/saga/strategic-documentation.md","6fb4bcf1d0663e377ac73aa01183ae015577a7314c24db198f21d1f0ae44dc4a"
"md","substeps-guide","wds","wds/workflows/wds-4-ux-design/data/substeps-guide.md","6c3c1f5177209d6c49e43ff0647140caf1343367b4ecfba2d21d7e84fa679aa3"
"md","test-result-templates","wds","wds/workflows/wds-5-agentic-development/data/test-result-templates.md","0c91cf13b2f51407c321e92cedfa2cdc91be83922d73c43317ac25147fd9493d"
"md","testing-guide","wds","wds/workflows/wds-5-agentic-development/data/testing-guide.md","a7917ad16335d223b394e09410aee638d6e1cdfa1a490766a576c3794d42f37a"
"md","TEXT-DETECTION-PRIORITY","wds","wds/workflows/wds-4-ux-design/data/object-types/TEXT-DETECTION-PRIORITY.md","7636283a05d1e989feabd852b7f08ed0b9b691112c223c0250e312bf550003fd"
"md","text-input","wds","wds/workflows/wds-4-ux-design/data/object-types/templates/text-input.md","14aadbd8bf50ae269efeb00ccaaf005d17cb3f9c2d712e995f7e531e6ad1c9ec"
"md","three-tier-overview","wds","wds/workflows/wds-4-ux-design/data/modular-architecture/01-core-concepts/three-tier-overview.md","1e651f59f181608a4f5dc05ed75bba66a339b2cd5cdbfcc3cdd47d8010a18aa3"
"md","token-architecture","wds","wds/data/design-system/token-architecture.md","b9a25beb5b258e7eef7726ca51f9eb3b1e0771bbd67826eec0bbd24f2c77f15f"
"md","tone-of-voice-example","wds","wds/workflows/wds-1-project-brief/data/tone-of-voice-example.md","93db79c791f3c7ce2d472a0f377d8f39c14ded5fe7ac17c4ae578161a8ebf7e7"
"md","tone-of-voice-output-template","wds","wds/workflows/wds-1-project-brief/data/tone-of-voice-output-template.md","6bb608fb04d520d3e81170af198822307959373eff92cbe16646ef423cdbea41"
"md","tools-reference","wds","wds/workflows/wds-6-asset-generation/data/tools-reference.md","c06725bb5e2273255e9f8dfb8a2b9249d11f1a6f273b5ffd1ca0c25d2d245ac9"
"md","TRANSLATION-ORGANIZATION-GUIDE","wds","wds/workflows/wds-4-ux-design/data/guides/TRANSLATION-ORGANIZATION-GUIDE.md","42455557055a41fd5a74641cad133b540a0e77382a50d7d39ff7219466d593bb"
"md","trigger-map.template","wds","wds/workflows/wds-0-project-setup/resources/wds-2-trigger-mapping/templates/trigger-map.template.md","e1e0423713f5ba9e801fa8ba82c257b262d2a4f3c298751fdca097edf677221d"
"md","trigger-map.template","wds","wds/workflows/wds-2-trigger-mapping/templates/trigger-map.template.md","e1e0423713f5ba9e801fa8ba82c257b262d2a4f3c298751fdca097edf677221d"
"md","trigger-mapping","wds","wds/data/agent-guides/saga/trigger-mapping.md","d1255041bc7a7391c90c3dbd961872ec1944b37c9c7476ca6e0e9dd74f4bb4b7"
"md","USAGE","wds","wds/workflows/wds-0-project-setup/resources/wds-1-project-brief/templates/project-brief-dialog/USAGE.md","f4f6777fe7dfa4ffb34d8225c13e32e5f49ed43e19dfb516a6d26e99dabd38e9"
"md","USAGE","wds","wds/workflows/wds-1-project-brief/templates/project-brief-dialog/USAGE.md","f4f6777fe7dfa4ffb34d8225c13e32e5f49ed43e19dfb516a6d26e99dabd38e9"
"md","validation-patterns","wds","wds/data/design-system/validation-patterns.md","69f98e70418aeb19d75cd8f7c04e72525f362de8adaa9c82b96850d05f9a83f0"
"md","validation-standards","wds","wds/workflows/wds-3-scenarios/data/validation-standards.md","3124a6f19d7baee5966f677fc1c6ff86414a8053dbf201c59a69aa7def425faa"
"md","validation-standards","wds","wds/workflows/wds-4-ux-design/data/validation-standards.md","ab51a06c196949570987996e93ad914fbeabad0bfeda1f909e437b196180bcf5"
"md","vision-explore","wds","wds/workflows/wds-1-project-brief/data/vision-explore.md","e78666bb3c27825be544e5ae3de151d3ca60bd0d1891863b4fd39b3cd0f58f51"
"md","vision-open-conversation","wds","wds/workflows/wds-1-project-brief/data/vision-open-conversation.md","ed9eb6becfc42695fdc4391fd8a103dece621105dfc92b27f2a32f99762a1109"
"md","vision-reflect-confirm","wds","wds/workflows/wds-1-project-brief/data/vision-reflect-confirm.md","fc30991f806f7af4cbeb8213f4dce84861b3c05f2c60954b5b6787254a42af53"
"md","vision-synthesize","wds","wds/workflows/wds-1-project-brief/data/vision-synthesize.md","32f72d5f71c89ab39f36b37662fe43d9880401042010ec6ba0fa21d4ef3c9b3f"
"md","visual-direction.template","wds","wds/workflows/wds-0-project-setup/resources/wds-1-project-brief/templates/visual-direction.template.md","4d4de5a305985411bf0e2676da683480fdc7fd297b42f32d15d26755e29df4fc"
"md","visual-direction.template","wds","wds/workflows/wds-1-project-brief/templates/visual-direction.template.md","4d4de5a305985411bf0e2676da683480fdc7fd297b42f32d15d26755e29df4fc"
"md","watercolor","wds","wds/workflows/wds-6-asset-generation/data/styles/content-styles/watercolor.md","91f935adef2348844453767fb3cee29b09d92e6c1dbcce7e8c02e14919ef19d3"
"md","WDS-SPECIFICATION-PATTERN","wds","wds/workflows/wds-4-ux-design/data/guides/WDS-SPECIFICATION-PATTERN.md","aa9e2aaadbbc95ed8320ebec8cd39622f6d33309eba99b5cf37261853ba5c15e"
"md","when-to-extract-decision-guide","wds","wds/workflows/wds-6-asset-generation/data/when-to-extract-decision-guide.md","c7fd73399aa8806155f69489dc5325053298e4a7a034e5bf728dbaa06b7050ce"
"md","workflow","wds","wds/workflows/wds-0-alignment-signoff/workflow.md","e4dcf7ebbff0fdcbb19fb963c90470638792b7824514f2947c89a6f2156e65be"
"md","workflow","wds","wds/workflows/wds-0-project-setup/workflow.md","990bc998e5eafedf619507d2c12ffb5fd1d8dd36a0aded43d10c5dd000b6a2c2"
"md","workflow","wds","wds/workflows/wds-1-project-brief/workflow.md","482fdd4d765d425d6ec7cedbc98737835e6d99d421f3b872592288566972540b"
"md","workflow","wds","wds/workflows/wds-2-trigger-mapping/workflow.md","d5e4aeed2286acec9d73027ee0949872e8c5fe0f64a42df84b8ce4a7d90a6177"
"md","workflow","wds","wds/workflows/wds-3-scenarios/workflow.md","c5356665f9ea3af7ceadefb30740adf1e7c02aecf97badda89464c885bd7f4c0"
"md","workflow","wds","wds/workflows/wds-4-ux-design/data/modular-architecture/workflow.md","00620f9297dc4af41531ab1feb7b3f01330748bc63a01a88ae02cba73ab42158"
"md","workflow","wds","wds/workflows/wds-4-ux-design/data/object-types/workflow.md","18a049122d6fd4326e887fbedba778f648da78678a2359eed315ec8f2c0f238a"
"md","workflow","wds","wds/workflows/wds-4-ux-design/workflow.md","9b66920b1072f7643ed662ef3cbf1ad82a80a6f4eb2e07ff0dce60f80949d492"
"md","workflow","wds","wds/workflows/wds-5-agentic-development/workflow.md","8b19ef6cd40a022522451adfedfec0f65fad9adfe3c7f9c8d11b95b43edb9868"
"md","workflow","wds","wds/workflows/wds-6-asset-generation/workflow.md","5fe59b98e3831861d38bbb6e81335b4507a76c67f43d8c293f27d6125742cc4f"
"md","workflow","wds","wds/workflows/wds-7-design-system/workflow.md","5cdfa8692d03ad0335aaa7e74ff4618e6af63a2eaab884e780e3c6b70424b0af"
"md","workflow","wds","wds/workflows/wds-8-product-evolution/workflow.md","980fbfe827e396d8bc52788834e5071695e2fe14bccd9c840841b92145f9f45f"
"md","workflow-acceptance-testing","wds","wds/workflows/wds-5-agentic-development/workflow-acceptance-testing.md","97d82cd31f09737bbee2ff9247a38a1cfeb6d6d58bfd8e0c1c84b13b95fe16d4"
"md","workflow-analysis","wds","wds/workflows/wds-5-agentic-development/workflow-analysis.md","5f5fb125074a17f80703d226f2f5b10e72dba297dd01c2dc8b7611784b39c08d"
"md","workflow-analyze","wds","wds/workflows/wds-8-product-evolution/workflow-analyze.md","a8eb977aa7c34bcf865cdf11d0d3641070d6a5cd03d5bcfe188cc7ff6c0f2ef2"
"md","workflow-browse","wds","wds/workflows/wds-7-design-system/workflow-browse.md","2a961a3f19cac758a0fbcb9bfd541af877e7b1519238a0e0454f25ed5604a927"
"md","workflow-bugfixing","wds","wds/workflows/wds-5-agentic-development/workflow-bugfixing.md","25b540ec4703013016e23a66be1bc5da15d125022dbd801ab51b1718ea4d5ed9"
"md","workflow-conceptualize","wds","wds/workflows/wds-4-ux-design/workflow-conceptualize.md","80c1fb568b9596d97f7fc462b232aabcc7565fa99856042723f505f829392148"
"md","workflow-content","wds","wds/workflows/wds-6-asset-generation/workflow-content.md","5633139635fed61f720fc1f249e8ce77e3b4fa0aa5c4e9ee7195f896a4d49084"
"md","workflow-create","wds","wds/workflows/wds-7-design-system/workflow-create.md","0ef810775d140da15dc80b3353148ffa1a196fc7bc651c58a70fa56c02d48386"
"md","workflow-deploy","wds","wds/workflows/wds-8-product-evolution/workflow-deploy.md","72f86643f4de09e512178f7fd5167cbf20ceedbef4f83e12cda5c27f2882f03c"
"md","workflow-design","wds","wds/workflows/wds-8-product-evolution/workflow-design.md","8f6b5975b16ad7404230c93152ab056c4fac87eb6a760c1e45e7574cae9139ce"
"md","workflow-design-system","wds","wds/workflows/wds-4-ux-design/workflow-design-system.md","d37152cf4704bfa44bdabbb8a67aa331761ceed836677c2ec580b3da01d7db78"
"md","workflow-development","wds","wds/workflows/wds-5-agentic-development/workflow-development.md","9883a1926ee81a917c1da81cb1d25bceb421b9b0bc9ccaa8a32cd2190ea40243"
"md","workflow-dream","wds","wds/workflows/wds-4-ux-design/workflow-dream.md","e65084c9806698b2b7921440cd5fc88df92172d4c9170e84e3519c08ac14cf96"
"md","workflow-edit","wds","wds/workflows/wds-7-design-system/workflow-edit.md","ac794783451d74f571bc2878c838e471f1d7abd28b98ed909bd437a950bc39f2"
"md","workflow-evolution","wds","wds/workflows/wds-5-agentic-development/workflow-evolution.md","dbdfd7a2c3eed63c23835d7dee51817d93f5583a0e73b04abdd10647c08bba26"
"md","workflow-figma","wds","wds/workflows/wds-6-asset-generation/workflow-figma.md","7ce7d44c9744086272a393db1a771ce219ec52bb4559b46b8b3857809440ede5"
"md","workflow-handover","wds","wds/workflows/wds-4-ux-design/workflow-handover.md","2bafcbc89d95cba807c7bbc2040fcf46a15523ae5c63780d59b1ebfad3fa59da"
"md","workflow-icons","wds","wds/workflows/wds-6-asset-generation/workflow-icons.md","ca75951b62232cd305cd58769d1be72cbb2b2a3812c804f2fae84f3655aa9aac"
"md","workflow-images","wds","wds/workflows/wds-6-asset-generation/workflow-images.md","c24712dcc7ac2bd57d7c08af42b2ced51ad674af979b7b3f2f9584c7717c0daf"
"md","workflow-implement","wds","wds/workflows/wds-8-product-evolution/workflow-implement.md","f1ba07f816b57d467b29e0c7849c80688565d58b4aeedce2c16bad45a8d7f5c8"
"md","workflow-import","wds","wds/workflows/wds-7-design-system/workflow-import.md","d7466cd2ec2c0340e4dcdce99596ce16085fd3c766646f621c9a36b6c6edf980"
"md","workflow-page-designs","wds","wds/workflows/wds-6-asset-generation/workflow-page-designs.md","5134f30a42d0a47cd683ee192396ce2a22565433c007e5972782be86a0c79d39"
"md","workflow-prototyping","wds","wds/workflows/wds-5-agentic-development/workflow-prototyping.md","785e9d51acd52502071573d261856cda9a1790d644dbf742f0a030a000653db9"
"md","workflow-reverse-engineering","wds","wds/workflows/wds-5-agentic-development/workflow-reverse-engineering.md","b4ac22aa5afd9202b06ec0f299d221162c42ff16545f26217e821705b8a83b5d"
"md","workflow-scope","wds","wds/workflows/wds-8-product-evolution/workflow-scope.md","830661e3ed834c39f29c24b4a1b50397c1ff5a460053ecb25b768fca6e20a475"
"md","workflow-sketch","wds","wds/workflows/wds-4-ux-design/workflow-sketch.md","1d58375e916582d0e5c168c580c39a9b6238ed8d75461071a1b5a9bb8fddc4ca"
"md","workflow-specify","wds","wds/workflows/wds-4-ux-design/workflow-specify.md","6f39bd46a2d7bac967a83bf800ed17274d2f490c4723e40f3439e1ab9282c147"
"md","workflow-stitch","wds","wds/workflows/wds-6-asset-generation/workflow-stitch.md","4797ca3874fb3a2d57f9e7b6cb1a5d4c491aa64f7eac29ee2405563d5d8de66f"
"md","workflow-suggest","wds","wds/workflows/wds-4-ux-design/workflow-suggest.md","be210991caf05b72daa84398035ff2a27354c4898a1692d26c597edb25ceae3a"
"md","workflow-test","wds","wds/workflows/wds-8-product-evolution/workflow-test.md","1a8d3869dc7face05313cb9f3265ee0adf60befe3e61b25e11c001ae15d7b5f2"
"md","workflow-ui-elements","wds","wds/workflows/wds-6-asset-generation/workflow-ui-elements.md","6280282e5e40172b87cd02b00acadc28eb4fe67a20d31a336ad8f32fe6b0b920"
"md","workflow-validate","wds","wds/workflows/wds-1-project-brief/workflow-validate.md","efade596792daa75480a424cd55208685d0337d045a0c9066c73cff2382efc21"
"md","workflow-validate","wds","wds/workflows/wds-2-trigger-mapping/workflow-validate.md","a8108c0f35d9f98cbcc9d77230cfb9fc64d1c96f5c32c2b5f004ada89719ba40"
"md","workflow-validate","wds","wds/workflows/wds-3-scenarios/workflow-validate.md","217dcf7e869af08569bd823da357dcbc2853a341309e7d85a12a170bcfaac824"
"md","workflow-validate","wds","wds/workflows/wds-4-ux-design/workflow-validate.md","9a44a0bb86fa2609537dbe81c174fbd3b73cba5237dada1306d2225d02227a50"
"md","workflow-videos","wds","wds/workflows/wds-6-asset-generation/workflow-videos.md","8a2efb15c497be5d648d919deb8706c42959aec1e3f5800dc3f6710f9144e247"
"md","workflow-view","wds","wds/workflows/wds-7-design-system/workflow-view.md","cbb5aedce610904bddf8418e8dc2f2ff48d2bffe8380fc33aab9fef4014349cd"
"md","workflow-visual","wds","wds/workflows/wds-4-ux-design/workflow-visual.md","358b3d3009403646d8f7259930d4bbc7ad0af1f60cfa278b5f8cafe05bb43481"
"md","workflow-wireframes","wds","wds/workflows/wds-6-asset-generation/workflow-wireframes.md","7af3e70d734e9556f53a33039d4f549c90391b8453cbaff17d380fb6faf062cf"
"md","working-with-existing-materials","wds","wds/data/agent-guides/saga/working-with-existing-materials.md","7e539e21c8ecea8488dc869d554cfc391a4a33a777f8ffe994578bf10062286a"
"md","workshop-c-placeholder-pages","wds","wds/workflows/wds-4-ux-design/data/page-creation-flows/workshop-c-placeholder-pages.md","4af728531656fc7e8143426b6a541a608e7cd3b769dc002b89028bdcfbf6b709"
"md","workshop-page-creation","wds","wds/workflows/wds-4-ux-design/data/page-creation-flows/workshop-page-creation.md","a78220922edc9ce0d3ddbff5cb295131a0989f2f1fd8f4d4089ea6c135c6fa9a"
"md","workshop-page-process","wds","wds/workflows/wds-4-ux-design/data/page-creation-flows/workshop-page-process.md","7cb2560753858174833f6e9859b83fa38b96af0941e1af84fa829b5a9a871273"
"md","wrap","wds","wds/skills/wrap.md","6ea385f59844a8ad4473cdca49ae0c4149bfcfdbed424f4f2117b34e2ed2e356"
"yaml","bmad-skill-manifest","wds","wds/agents/wds-agent-freya-ux/bmad-skill-manifest.yaml","ce2d89700581e5cfefe42956c448d22e959e56cffe5d1d465a231eefa4e2ded7"
"yaml","bmad-skill-manifest","wds","wds/agents/wds-agent-saga-analyst/bmad-skill-manifest.yaml","0c7cdd1cccf8a3abf2b5d55ca5302ac5b46f7ab92fec85481d2626488061411d"
"yaml","bmad-skill-manifest","wds","wds/workflows/wds-0-alignment-signoff/bmad-skill-manifest.yaml","ea1b058a23cd4fb442f2e7bc7a3a871b73391c0d18c32ddad020dd56b20425ee"
"yaml","bmad-skill-manifest","wds","wds/workflows/wds-0-project-setup/bmad-skill-manifest.yaml","ea1b058a23cd4fb442f2e7bc7a3a871b73391c0d18c32ddad020dd56b20425ee"
"yaml","bmad-skill-manifest","wds","wds/workflows/wds-1-project-brief/bmad-skill-manifest.yaml","ea1b058a23cd4fb442f2e7bc7a3a871b73391c0d18c32ddad020dd56b20425ee"
"yaml","bmad-skill-manifest","wds","wds/workflows/wds-2-trigger-mapping/bmad-skill-manifest.yaml","ea1b058a23cd4fb442f2e7bc7a3a871b73391c0d18c32ddad020dd56b20425ee"
"yaml","bmad-skill-manifest","wds","wds/workflows/wds-3-scenarios/bmad-skill-manifest.yaml","ea1b058a23cd4fb442f2e7bc7a3a871b73391c0d18c32ddad020dd56b20425ee"
"yaml","bmad-skill-manifest","wds","wds/workflows/wds-4-ux-design/bmad-skill-manifest.yaml","ea1b058a23cd4fb442f2e7bc7a3a871b73391c0d18c32ddad020dd56b20425ee"
"yaml","bmad-skill-manifest","wds","wds/workflows/wds-5-agentic-development/bmad-skill-manifest.yaml","ea1b058a23cd4fb442f2e7bc7a3a871b73391c0d18c32ddad020dd56b20425ee"
"yaml","bmad-skill-manifest","wds","wds/workflows/wds-6-asset-generation/bmad-skill-manifest.yaml","ea1b058a23cd4fb442f2e7bc7a3a871b73391c0d18c32ddad020dd56b20425ee"
"yaml","bmad-skill-manifest","wds","wds/workflows/wds-7-design-system/bmad-skill-manifest.yaml","ea1b058a23cd4fb442f2e7bc7a3a871b73391c0d18c32ddad020dd56b20425ee"
"yaml","bmad-skill-manifest","wds","wds/workflows/wds-8-product-evolution/bmad-skill-manifest.yaml","ea1b058a23cd4fb442f2e7bc7a3a871b73391c0d18c32ddad020dd56b20425ee"
"yaml","config","wds","wds/config.yaml","1ad6f1fccd893af92466ad2b3e62f34abeec023104628e0203d23d392258a0d4"
"yaml","design-delivery.template","wds","wds/workflows/wds-4-ux-design/templates/design-delivery.template.yaml","90f89ab05cfedb482866af69bfb78e4b466b3772ce99ebca835a1b0790f2c957"
"yaml","platform-requirements.template","wds","wds/workflows/wds-0-project-setup/resources/wds-1-project-brief/templates/platform-requirements.template.yaml","35c1c99f144f6ab59a20257f735a25bdea6ebfff21854b7cf62f361fcf2643e6"
"yaml","platform-requirements.template","wds","wds/workflows/wds-1-project-brief/templates/platform-requirements.template.yaml","35c1c99f144f6ab59a20257f735a25bdea6ebfff21854b7cf62f361fcf2643e6"
"yaml","test-scenario.template","wds","wds/workflows/wds-4-ux-design/templates/test-scenario.template.yaml","569a9395d560a98bf051832da082deec61b56176fea2131c6c178e06867354d4"
"yaml","work-file-template","wds","wds/workflows/wds-5-agentic-development/templates/work-file-template.yaml","a11370277e14a50678069808e979239e17ecab181cadd4e984b4999d84eb521f"
